JIRA_KEY,MELI_USERNAME,NOMBRE_ASIGNADO,NOMBRE,ULTIMO_CONTACTO,INSTAGRAM,TIKTOK,asignado,contactado,afiliado,rechazado
HUNT-0001,,,Paola Martínez,,paola454,paola_martinez,False,False,False,False
HUNT-0002,,Bruno Alves,Constanza Muñoz,2026-03-17,the.constanza,the.constanza,True,True,False,True
HUNT-0003,,,Camila Muñoz,,camila_munoz,camila_munoz,False,False,False,False
HUNT-0004,,,Andrés López,,andres.lopez,the.andres,False,False,False,False
HUNT-0005,,Bruno Alves,Karla García,2026-02-25,the.karla,the.karla,True,True,False,False
HUNT-0006,,Carlos Mendez,Martina Fernández,2026-01-25,martina.fernandez,martina_fernandez,True,True,False,True
HUNT-0007,,,Lucas Ferreira,,lucas_ferreira,,False,False,False,False
HUNT-0008,,,Ignacio Muñoz,,ignacio.munoz,ignacio_munoz,False,False,False,False
HUNT-0009,,,Paola Flores,,paola_flores,the.paola,False,False,False,False
HUNT-0010,,,Valentina Díaz,,valentina443,,False,False,False,False
HUNT-0011,,Bruno Alves,Daniela Martínez,2026-01-22,the.daniela,the.daniela,True,True,False,True
HUNT-0012,,,Diego Rojas,,the.diego,diego_rojas,False,False,False,False
HUNT-0013,,,João Ribeiro,,the.joão,joão.ribeiro,False,False,False,False
HUNT-0014,,Bruno Alves,João Souza,2026-03-14,joão432,joão325,True,True,False,False
HUNT-0015,,,Paola Torres,,paola.torres,,False,False,False,False
HUNT-0016,,Ana González,Camila Díaz,2026-01-06,camila.diaz,camila111,True,True,False,True
HUNT-0017,,Bruno Alves,Julia Souza,2026-01-27,julia.souza,the.julia,True,False,False,False
HUNT-0018,,Ana González,Paola Ramírez,2026-02-12,paola.ramirez,paola.ramirez,True,False,False,False
HUNT-0019,,Carlos Mendez,Guilherme Lima,2026-02-21,guilherme_lima,the.guilherme,True,True,False,False
HUNT-0020,,Valentina Torres,Javier Sánchez,2026-01-22,javier_sanchez,,True,False,False,False
HUNT-0021,,,Guilherme Pereira,,guilherme_pereira,,False,False,False,False
HUNT-0022,,,Constanza Álvarez,,constanza.alvarez,constanza.alvarez,False,False,False,False
HUNT-0023,,Valentina Torres,Valentina Sánchez,2026-01-30,valentina.sanchez,valentina_sanchez,True,False,False,False
HUNT-0024,,Carlos Mendez,Karla Torres,2026-03-01,karla781,karla_torres,True,False,False,False
HUNT-0025,,Bruno Alves,Andrés González,2026-01-29,andres249,the.andres,True,False,False,False
HUNT-0026,,,Matheus Silva,,matheus337,,False,False,False,False
HUNT-0027,,,Ignacio Muñoz,,ignacio_munoz,ignacio.munoz,False,False,False,False
HUNT-0028,,Ana González,Daniela Hernández,2026-01-01,the.daniela,daniela199,True,False,False,False
HUNT-0029,,,Pedro Lima,,pedro.lima,the.pedro,False,False,False,False
HUNT-0030,,,Julia Ferreira,,the.julia,julia.ferreira,False,False,False,False
HUNT-0031,,,Rafael Santos,,rafael.santos,,False,False,False,False
HUNT-0032,,Bruno Alves,Lautaro Romero,2026-01-09,lautaro.romero,lautaro_romero,True,False,False,False
HUNT-0033,,Sofía Ramírez,Andrés Hernández,2026-01-03,andres850,andres_hernandez,True,True,False,True
HUNT-0034,,,Agustina Romero,,agustina_romero,agustina.romero,False,False,False,False
HUNT-0035,emmadiaz3198,Carlos Mendez,Emma Díaz,2026-01-21,the.emma,the.emma,True,True,True,False
HUNT-0036,,,Valentina López,,the.valentina,the.valentina,False,False,False,False
HUNT-0037,,,Ignacio Díaz,,ignacio88,ignacio_diaz,False,False,False,False
HUNT-0038,,Sofía Ramírez,Camila Díaz,2026-01-21,camila.diaz,,True,True,False,False
HUNT-0039,,,Sofía Romero,,sofia_romero,sofia.romero,False,False,False,False
HUNT-0040,,Ana González,Andrés Hernández,2026-01-08,andres324,the.andres,True,True,False,True
HUNT-0041,,,Miguel López,,miguel_lopez,miguel.lopez,False,False,False,False
HUNT-0042,gabrielalves8705,Bruno Alves,Gabriel Alves,2026-01-25,,gabriel727,True,True,True,False
HUNT-0043,,Bruno Alves,Paola Morales,2026-03-10,paola132,,True,True,False,True
HUNT-0044,,,Pedro Santos,,the.pedro,pedro.santos,False,False,False,False
HUNT-0045,,,Martina Pérez,,martina.perez,martina.perez,False,False,False,False
HUNT-0046,,,Valentina Ramírez,,valentina.ramirez,the.valentina,False,False,False,False
HUNT-0047,,,Guilherme Silva,,the.guilherme,,False,False,False,False
HUNT-0048,,,Constanza Contreras,,constanza.contreras,,False,False,False,False
HUNT-0049,,,Fernanda Hernández,,fernanda_hernandez,fernanda.hernandez,False,False,False,False
HUNT-0050,matiasperez7188,Bruno Alves,Matías Pérez,2026-03-10,matias.perez,,True,True,True,False
HUNT-0051,,,Lautaro Romero,,lautaro.romero,lautaro_romero,False,False,False,False
HUNT-0052,,,Ana Gomes,,ana_gomes,ana140,False,False,False,False
HUNT-0053,,Sofía Ramírez,Valentina Torres,2026-01-17,valentina_torres,,True,True,False,True
HUNT-0054,,,Mariana García,,mariana.garcia,mariana.garcia,False,False,False,False
HUNT-0055,,,Felipe Muñoz,,felipe.munoz,,False,False,False,False
HUNT-0056,,,Rafael Souza,,rafael614,rafael.souza,False,False,False,False
HUNT-0057,,,Javier Flores,,javier753,javier536,False,False,False,False
HUNT-0058,,Sofía Ramírez,Paola Pérez,2026-01-14,paola274,the.paola,True,True,False,True
HUNT-0059,,,Paola González,,paola_gonzalez,,False,False,False,False
HUNT-0060,,,Julia Silva,,julia.silva,the.julia,False,False,False,False
HUNT-0061,,,Valentina Martínez,,valentina_martinez,valentina_martinez,False,False,False,False
HUNT-0062,,,Lucas Santos,,the.lucas,the.lucas,False,False,False,False
HUNT-0063,,,Andrés González,,andres.gonzalez,,False,False,False,False
HUNT-0064,,Carlos Mendez,Beatriz Ribeiro,2026-03-16,,beatriz365,True,True,False,True
HUNT-0065,,,Julia Santos,,the.julia,the.julia,False,False,False,False
HUNT-0066,,Valentina Torres,Valentina Soto,2026-01-18,valentina.soto,,True,True,False,True
HUNT-0067,,,Facundo Sánchez,,facundo878,,False,False,False,False
HUNT-0068,,Sofía Ramírez,Valentina Morales,2026-02-21,valentina_morales,valentina97,True,False,False,False
HUNT-0069,,,Santiago González,,the.santiago,santiago449,False,False,False,False
HUNT-0070,,Sofía Ramírez,Bastián Contreras,2026-02-09,bastian.contreras,bastian866,True,True,False,True
HUNT-0071,,Ana González,João Oliveira,2026-02-25,joão.oliveira,joão_oliveira,True,True,False,False
HUNT-0072,,,Ignacio Rojas,,the.ignacio,ignacio_rojas,False,False,False,False
HUNT-0073,,,Lautaro García,,the.lautaro,the.lautaro,False,False,False,False
HUNT-0074,,Bruno Alves,Valentina Pérez,2026-02-06,,valentina325,True,False,False,False
HUNT-0075,,,Javier Hernández,,javier20,,False,False,False,False
HUNT-0076,,Carlos Mendez,Constanza Contreras,2026-01-28,constanza508,,True,False,False,False
HUNT-0077,,Ana González,Miguel Morales,2026-02-01,miguel_morales,,True,True,False,True
HUNT-0078,,,Julia Alves,,,julia_alves,False,False,False,False
HUNT-0079,,Carlos Mendez,Jorge Pérez,2026-03-14,jorge33,,True,True,False,False
HUNT-0080,,,Fernanda Silva,,fernanda_silva,the.fernanda,False,False,False,False
HUNT-0081,,,Javiera Pérez,,javiera_perez,javiera_perez,False,False,False,False
HUNT-0082,,Bruno Alves,Guilherme Ferreira,2026-01-16,the.guilherme,,True,True,False,True
HUNT-0083,,,Mariana Flores,,mariana_flores,mariana_flores,False,False,False,False
HUNT-0084,,,Lucas Ferreira,,lucas.ferreira,lucas_ferreira,False,False,False,False
HUNT-0085,,,Sebastián Flores,,sebastian.flores,sebastian676,False,False,False,False
HUNT-0086,,,Ana Lima,,ana_lima,,False,False,False,False
HUNT-0087,,,João Ribeiro,,joão.ribeiro,joão_ribeiro,False,False,False,False
HUNT-0088,,Sofía Ramírez,Emma Martínez,2026-01-10,emma_martinez,the.emma,True,True,False,True
HUNT-0089,,,Isidora Martínez,,the.isidora,isidora_martinez,False,False,False,False
HUNT-0090,,Valentina Torres,João Rodrigues,2025-12-31,the.joão,joão_rodrigues,True,False,False,False
HUNT-0091,,,Miguel Morales,,miguel_morales,miguel.morales,False,False,False,False
HUNT-0092,,,Ignacio González,,ignacio619,ignacio_gonzalez,False,False,False,False
HUNT-0093,,,Rafael Gomes,,rafael90,rafael_gomes,False,False,False,False
HUNT-0094,,Bruno Alves,Fernanda Lima,2026-03-07,fernanda.lima,,True,True,False,True
HUNT-0095,,Valentina Torres,Julián González,2026-01-26,julian302,the.julian,True,True,False,False
HUNT-0096,,Carlos Mendez,Tomás Martínez,2026-02-27,tomas.martinez,,True,True,False,False
HUNT-0097,,,Catalina Pérez,,catalina_perez,catalina.perez,False,False,False,False
HUNT-0098,,,Camila Díaz,,camila109,,False,False,False,False
HUNT-0099,,,Matheus Alves,,matheus.alves,the.matheus,False,False,False,False
HUNT-0100,,,Gabriel Souza,,gabriel419,gabriel.souza,False,False,False,False
HUNT-0101,,,Pedro Santos,,pedro_santos,,False,False,False,False
HUNT-0102,,,Julián Romero,,julian.romero,the.julian,False,False,False,False
HUNT-0103,javierasilva628,Carlos Mendez,Javiera Silva,2026-01-27,javiera345,javiera535,True,True,True,False
HUNT-0104,,Sofía Ramírez,Guilherme Gomes,2025-12-26,guilherme.gomes,,True,False,False,False
HUNT-0105,,Bruno Alves,Tomás Romero,2026-02-02,the.tomas,tomas_romero,True,False,False,False
HUNT-0106,,Ana González,Mariana Ramírez,2026-02-04,mariana_ramirez,mariana826,True,True,False,True
HUNT-0107,,Valentina Torres,Isabela Rodrigues,2026-03-06,isabela.rodrigues,the.isabela,True,True,False,True
HUNT-0108,,,Matheus Santos,,the.matheus,matheus_santos,False,False,False,False
HUNT-0109,,,Guilherme Santos,,guilherme172,guilherme_santos,False,False,False,False
HUNT-0110,,Sofía Ramírez,Larissa Souza,2025-12-27,larissa_souza,larissa.souza,True,True,False,False
HUNT-0111,,,Nicolás Pérez,,nicolas_perez,nicolas.perez,False,False,False,False
HUNT-0112,,Bruno Alves,Javier García,2026-02-21,javier_garcia,,True,True,False,True
HUNT-0113,,Sofía Ramírez,Isidora Contreras,2026-03-03,isidora.contreras,,True,True,False,False
HUNT-0114,javierlopez4717,Sofía Ramírez,Javier López,2026-02-23,javier839,javier.lopez,True,True,True,False
HUNT-0115,,Valentina Torres,Ana Alves,2026-01-07,ana_alves,,True,True,False,True
HUNT-0116,,,Julián González,,the.julian,,False,False,False,False
HUNT-0117,,,Facundo García,,facundo794,the.facundo,False,False,False,False
HUNT-0118,,Bruno Alves,Javiera Álvarez,2026-02-28,javiera.alvarez,javiera443,True,True,False,True
HUNT-0119,,,Camila Pérez,,camila.perez,camila_perez,False,False,False,False
HUNT-0120,,,Lucas Alves,,lucas_alves,,False,False,False,False
HUNT-0121,,,Karla Martínez,,the.karla,karla.martinez,False,False,False,False
HUNT-0122,,,Lucas Souza,,the.lucas,lucas501,False,False,False,False
HUNT-0123,,Bruno Alves,Camila Díaz,2026-02-25,camila_diaz,camila325,True,True,False,True
HUNT-0124,,Valentina Torres,Agustina González,2026-02-18,agustina_gonzalez,agustina603,True,True,False,True
HUNT-0125,,,Daniela Ramírez,,the.daniela,daniela185,False,False,False,False
HUNT-0126,,,Tomás Rodríguez,,,the.tomas,False,False,False,False
HUNT-0127,,,Ana Rodrigues,,the.ana,the.ana,False,False,False,False
HUNT-0128,,,Javiera Flores,,javiera_flores,,False,False,False,False
HUNT-0129,,,Emma Torres,,emma_torres,the.emma,False,False,False,False
HUNT-0130,,,Fernanda Pérez,,the.fernanda,fernanda180,False,False,False,False
HUNT-0131,,,Ignacio Álvarez,,ignacio_alvarez,ignacio372,False,False,False,False
HUNT-0132,,,Nicolás Rodríguez,,,nicolas_rodriguez,False,False,False,False
HUNT-0133,,,Jorge Hernández,,jorge_hernandez,jorge.hernandez,False,False,False,False
HUNT-0134,,,Paola González,,paola727,the.paola,False,False,False,False
HUNT-0135,,Valentina Torres,Rodrigo Flores,2026-01-18,rodrigo.flores,rodrigo408,True,False,False,False
HUNT-0136,,,Valentina González,,valentina_gonzalez,valentina.gonzalez,False,False,False,False
HUNT-0137,,,Rafael Ribeiro,,rafael_ribeiro,rafael139,False,False,False,False
HUNT-0138,,Valentina Torres,Santiago González,2026-01-04,santiago311,,True,True,False,True
HUNT-0139,,,Lucas Rodrigues,,lucas.rodrigues,the.lucas,False,False,False,False
HUNT-0140,,,Valentina Muñoz,,the.valentina,valentina.munoz,False,False,False,False
HUNT-0141,,,Lautaro Fernández,,lautaro.fernandez,lautaro.fernandez,False,False,False,False
HUNT-0142,pedrosilva724,Carlos Mendez,Pedro Silva,2026-01-24,the.pedro,pedro.silva,True,True,True,False
HUNT-0143,,,Valentina Pérez,,valentina743,valentina.perez,False,False,False,False
HUNT-0144,,,Miguel Torres,,miguel703,the.miguel,False,False,False,False
HUNT-0145,,,Lucía López,,the.lucia,lucia262,False,False,False,False
HUNT-0146,,,Sofía Romero,,sofia.romero,,False,False,False,False
HUNT-0147,,,Isidora Flores,,isidora_flores,,False,False,False,False
HUNT-0148,,,Daniela González,,daniela_gonzalez,daniela548,False,False,False,False
HUNT-0149,,Sofía Ramírez,Rodrigo Torres,2026-03-11,rodrigo.torres,,True,False,False,False
HUNT-0150,,Sofía Ramírez,Andrés González,2026-03-12,andres184,,True,True,False,False
HUNT-0151,,,Valentina García,,the.valentina,valentina706,False,False,False,False
HUNT-0152,,,Martina García,,,martina_garcia,False,False,False,False
HUNT-0153,,,Valentina Sánchez,,the.valentina,valentina.sanchez,False,False,False,False
HUNT-0154,,,Camila Rojas,,the.camila,,False,False,False,False
HUNT-0155,,,Javiera Díaz,,the.javiera,the.javiera,False,False,False,False
HUNT-0156,,,Tomás Torres,,the.tomas,the.tomas,False,False,False,False
HUNT-0157,,,Nicolás López,,the.nicolas,nicolas.lopez,False,False,False,False
HUNT-0158,,Bruno Alves,Javier Martínez,2026-02-16,javier_martinez,javier247,True,True,False,False
HUNT-0159,,Valentina Torres,Julia Oliveira,2026-02-12,julia_oliveira,julia_oliveira,True,True,False,False
HUNT-0160,,,Ana Alves,,ana817,ana_alves,False,False,False,False
HUNT-0161,,,Ana Souza,,the.ana,ana_souza,False,False,False,False
HUNT-0162,,Sofía Ramírez,Jorge Martínez,2026-01-06,jorge.martinez,,True,True,False,False
HUNT-0163,,Ana González,Isabela Gomes,2025-12-29,the.isabela,isabela775,True,False,False,False
HUNT-0164,,,Catalina Rojas,,catalina_rojas,catalina_rojas,False,False,False,False
HUNT-0165,,,Larissa Rodrigues,,larissa.rodrigues,larissa.rodrigues,False,False,False,False
HUNT-0166,,Sofía Ramírez,Lucía Pérez,2026-03-12,lucia_perez,the.lucia,True,True,False,False
HUNT-0167,,,Julia Gomes,,the.julia,,False,False,False,False
HUNT-0168,,Carlos Mendez,Tomás López,2026-02-07,tomas.lopez,,True,True,False,True
HUNT-0169,,,Tomás Torres,,,the.tomas,False,False,False,False
HUNT-0170,,,Beatriz Gomes,,beatriz833,beatriz184,False,False,False,False
HUNT-0171,,Bruno Alves,Andrés Morales,2026-01-25,,andres556,True,True,False,True
HUNT-0172,,,Tomás Pérez,,,tomas11,False,False,False,False
HUNT-0173,,,Sebastián Soto,,the.sebastian,,False,False,False,False
HUNT-0174,,,Diego Sánchez,,diego.sanchez,,False,False,False,False
HUNT-0175,,,Lautaro Romero,,lautaro.romero,lautaro.romero,False,False,False,False
HUNT-0176,,Valentina Torres,Diego Martínez,2026-01-10,the.diego,,True,True,False,False
HUNT-0177,,,Ana Ribeiro,,ana_ribeiro,ana_ribeiro,False,False,False,False
HUNT-0178,,Sofía Ramírez,Andrés Pérez,2026-03-03,andres330,,True,True,False,True
HUNT-0179,,,Valentina Pérez,,the.valentina,valentina_perez,False,False,False,False
HUNT-0180,,,Rodrigo Ramírez,,rodrigo.ramirez,rodrigo716,False,False,False,False
HUNT-0181,,,Daniela Hernández,,the.daniela,daniela.hernandez,False,False,False,False
HUNT-0182,,Ana González,Julia Souza,2026-01-22,the.julia,julia879,True,True,False,False
HUNT-0183,marianaramirez8060,Ana González,Mariana Ramírez,2026-01-08,mariana.ramirez,mariana_ramirez,True,True,True,False
HUNT-0184,,,Matheus Pereira,,matheus.pereira,matheus_pereira,False,False,False,False
HUNT-0185,,,Agustina Torres,,agustina.torres,agustina.torres,False,False,False,False
HUNT-0186,,,Sofía López,,sofia824,,False,False,False,False
HUNT-0187,,Sofía Ramírez,Beatriz Silva,2026-01-07,beatriz.silva,,True,True,False,False
HUNT-0188,,Sofía Ramírez,Felipe Álvarez,2026-01-06,,felipe543,True,True,False,True
HUNT-0189,,Carlos Mendez,Jorge Pérez,2026-01-27,jorge.perez,jorge739,True,True,False,True
HUNT-0190,,Sofía Ramírez,Jorge Pérez,2026-02-25,,the.jorge,True,True,False,True
HUNT-0191,,Carlos Mendez,Miguel López,2026-02-18,miguel_lopez,,True,True,False,True
HUNT-0192,,Ana González,Julián Pérez,2026-02-22,julian.perez,,True,False,False,False
HUNT-0193,,,Isabela Oliveira,,,isabela.oliveira,False,False,False,False
HUNT-0194,,,Rafael Ferreira,,,rafael.ferreira,False,False,False,False
HUNT-0195,,,Andrés Ramírez,,the.andres,andres989,False,False,False,False
HUNT-0196,isabelaoliveira5464,Valentina Torres,Isabela Oliveira,2026-02-21,the.isabela,,True,True,True,False
HUNT-0197,,Sofía Ramírez,Diego Flores,2026-03-04,diego.flores,,True,False,False,False
HUNT-0198,,,Catalina Martínez,,,catalina_martinez,False,False,False,False
HUNT-0199,,,Pedro Pereira,,pedro.pereira,pedro_pereira,False,False,False,False
HUNT-0200,,,Isabela Ribeiro,,isabela259,,False,False,False,False
HUNT-0201,,,Miguel Martínez,,miguel747,miguel389,False,False,False,False
HUNT-0202,,,Valentina García,,the.valentina,valentina_garcia,False,False,False,False
HUNT-0203,,,Lucas Alves,,lucas.alves,the.lucas,False,False,False,False
HUNT-0204,,,Paola Hernández,,paola622,paola_hernandez,False,False,False,False
HUNT-0205,,,Miguel Flores,,miguel_flores,the.miguel,False,False,False,False
HUNT-0206,,Carlos Mendez,Valentina Silva,2026-01-27,valentina_silva,valentina166,True,True,False,False
HUNT-0207,,,Jorge González,,jorge.gonzalez,jorge_gonzalez,False,False,False,False
HUNT-0208,,Ana González,Diego Flores,2026-01-01,diego679,the.diego,True,True,False,False
HUNT-0209,,,Beatriz Pereira,,beatriz894,the.beatriz,False,False,False,False
HUNT-0210,,Valentina Torres,Matheus Santos,2026-03-04,matheus840,the.matheus,True,True,False,False
HUNT-0211,,Ana González,Isidora Pérez,2026-01-17,,isidora_perez,True,False,False,False
HUNT-0212,,,Karla García,,karla.garcia,,False,False,False,False
HUNT-0213,,Ana González,Beatriz Souza,2026-01-19,beatriz_souza,beatriz36,True,True,False,True
HUNT-0214,,,Beatriz Ribeiro,,beatriz.ribeiro,,False,False,False,False
HUNT-0215,,Sofía Ramírez,Isabela Silva,2026-01-06,isabela_silva,isabela.silva,True,True,False,False
HUNT-0216,,,Diego Hernández,,,diego_hernandez,False,False,False,False
HUNT-0217,,Carlos Mendez,Gabriel Oliveira,2026-03-12,gabriel_oliveira,gabriel363,True,True,False,False
HUNT-0218,,,Lucas Lima,,lucas802,,False,False,False,False
HUNT-0219,,,Isidora Silva,,the.isidora,isidora108,False,False,False,False
HUNT-0220,,,Julia Pereira,,julia.pereira,,False,False,False,False
HUNT-0221,,,Emma Díaz,,emma.diaz,,False,False,False,False
HUNT-0222,,Sofía Ramírez,Lucas Santos,2026-01-10,lucas.santos,the.lucas,True,True,False,True
HUNT-0223,,,Jorge Pérez,,the.jorge,,False,False,False,False
HUNT-0224,,Valentina Torres,Diego Muñoz,2026-01-01,diego_munoz,diego.munoz,True,True,False,False
HUNT-0225,,,Ignacio Soto,,ignacio_soto,ignacio.soto,False,False,False,False
HUNT-0226,,,Matías Pérez,,matias924,matias.perez,False,False,False,False
HUNT-0227,,,Camila Pérez,,camila_perez,camila_perez,False,False,False,False
HUNT-0228,,Valentina Torres,Andrés Hernández,2026-03-04,andres_hernandez,the.andres,True,True,False,True
HUNT-0229,,Ana González,Rodrigo Torres,2026-02-13,rodrigo_torres,,True,False,False,False
HUNT-0230,,,Gabriel Ribeiro,,gabriel_ribeiro,the.gabriel,False,False,False,False
HUNT-0231,,,Isidora González,,isidora.gonzalez,isidora.gonzalez,False,False,False,False
HUNT-0232,,,Daniela Pérez,,,daniela669,False,False,False,False
HUNT-0233,,,Paola Pérez,,paola_perez,the.paola,False,False,False,False
HUNT-0234,,Valentina Torres,Javiera Silva,2026-02-27,javiera803,the.javiera,True,True,False,False
HUNT-0235,,,Javier García,,javier_garcia,the.javier,False,False,False,False
HUNT-0236,,,Mariana Flores,,mariana298,,False,False,False,False
HUNT-0237,,,Daniela Flores,,daniela375,daniela_flores,False,False,False,False
HUNT-0238,,,Mariana Flores,,mariana.flores,,False,False,False,False
HUNT-0239,,,Larissa Lima,,larissa_lima,larissa_lima,False,False,False,False
HUNT-0240,,,Valentina González,,valentina.gonzalez,,False,False,False,False
HUNT-0241,,Bruno Alves,Javier Pérez,2026-02-26,the.javier,javier.perez,True,True,False,False
HUNT-0242,,,João Alves,,the.joão,joão827,False,False,False,False
HUNT-0243,,Ana González,Matías Soto,2026-02-14,matias.soto,matias113,True,False,False,False
HUNT-0244,,,Valentina Flores,,the.valentina,,False,False,False,False
HUNT-0245,,,Catalina Martínez,,catalina_martinez,,False,False,False,False
HUNT-0246,,,Fernanda Ramírez,,the.fernanda,fernanda.ramirez,False,False,False,False
HUNT-0247,,Bruno Alves,João Pereira,2026-02-15,,the.joão,True,False,False,False
HUNT-0248,,Bruno Alves,Larissa Santos,2026-03-02,larissa_santos,larissa159,True,False,False,False
HUNT-0249,,,Andrés Pérez,,,andres_perez,False,False,False,False
HUNT-0250,,Sofía Ramírez,Nicolás Romero,2026-01-17,nicolas.romero,the.nicolas,True,False,False,False
HUNT-0251,,,Paola Morales,,the.paola,paola67,False,False,False,False
HUNT-0252,,Bruno Alves,Matheus Souza,2026-02-27,matheus_souza,matheus_souza,True,True,False,False
HUNT-0253,,,Miguel Martínez,,miguel.martinez,the.miguel,False,False,False,False
HUNT-0254,,,Diego Rojas,,the.diego,,False,False,False,False
HUNT-0255,,Sofía Ramírez,Julia Alves,2026-02-08,the.julia,the.julia,True,False,False,False
HUNT-0256,,Sofía Ramírez,Mariana Torres,2026-02-05,mariana.torres,mariana.torres,True,True,False,False
HUNT-0257,,,Diego Morales,,diego_morales,,False,False,False,False
HUNT-0258,,Valentina Torres,Sebastián González,2026-01-30,sebastian610,the.sebastian,True,True,False,False
HUNT-0259,,,Javier Torres,,javier.torres,javier.torres,False,False,False,False
HUNT-0260,,,Sofía Martínez,,sofia.martinez,,False,False,False,False
HUNT-0261,,,Rafael Souza,,the.rafael,,False,False,False,False
HUNT-0262,,,Javier Flores,,javier874,,False,False,False,False
HUNT-0263,,Bruno Alves,João Rodrigues,2026-01-28,the.joão,joão510,True,False,False,False
HUNT-0264,,Valentina Torres,Beatriz Ferreira,2026-03-01,beatriz670,,True,True,False,False
HUNT-0265,,Bruno Alves,Rafael Ribeiro,2026-01-28,rafael584,,True,False,False,False
HUNT-0266,,Carlos Mendez,Ana Santos,2026-01-30,ana_santos,ana.santos,True,False,False,False
HUNT-0267,,Valentina Torres,Lucas Oliveira,2026-01-19,lucas_oliveira,lucas946,True,True,False,True
HUNT-0268,,Ana González,Felipe Flores,2026-02-15,,the.felipe,True,True,False,True
HUNT-0269,,,Felipe González,,felipe884,felipe365,False,False,False,False
HUNT-0270,,,Jorge Flores,,jorge_flores,jorge_flores,False,False,False,False
HUNT-0271,,Sofía Ramírez,Andrés Martínez,2026-03-17,andres.martinez,andres_martinez,True,True,False,False
HUNT-0272,,,Isabela Gomes,,isabela.gomes,isabela549,False,False,False,False
HUNT-0273,,Sofía Ramírez,Valentina Contreras,2026-01-06,valentina_contreras,valentina_contreras,True,True,False,True
HUNT-0274,,,Valentina Rojas,,the.valentina,valentina.rojas,False,False,False,False
HUNT-0275,,,Matheus Alves,,matheus.alves,the.matheus,False,False,False,False
HUNT-0276,fernandalima4369,Sofía Ramírez,Fernanda Lima,2026-03-09,fernanda539,,True,True,True,False
HUNT-0277,,,Valentina Sánchez,,valentina794,valentina_sanchez,False,False,False,False
HUNT-0278,,Valentina Torres,Julia Ferreira,2026-03-03,julia.ferreira,the.julia,True,True,False,True
HUNT-0279,,,Gabriel Rodrigues,,gabriel.rodrigues,,False,False,False,False
HUNT-0280,,Sofía Ramírez,Constanza Flores,2026-01-10,constanza.flores,,True,True,False,True
HUNT-0281,,,Sofía Pérez,,sofia830,sofia.perez,False,False,False,False
HUNT-0282,,,Ignacio Muñoz,,the.ignacio,,False,False,False,False
HUNT-0283,,,Valentina Soto,,valentina135,the.valentina,False,False,False,False
HUNT-0284,,Bruno Alves,Andrés Torres,2026-03-12,,the.andres,True,False,False,False
HUNT-0285,,,Bastián Álvarez,,the.bastian,bastian_alvarez,False,False,False,False
HUNT-0286,,,Daniela Hernández,,daniela461,daniela_hernandez,False,False,False,False
HUNT-0287,marianamorales649,Valentina Torres,Mariana Morales,2026-01-11,mariana_morales,mariana_morales,True,True,True,False
HUNT-0288,,Sofía Ramírez,Rafael Pereira,2026-02-26,,rafael.pereira,True,True,False,True
HUNT-0289,,,Constanza Silva,,constanza_silva,the.constanza,False,False,False,False
HUNT-0290,,,Pedro Rodrigues,,pedro321,pedro.rodrigues,False,False,False,False
HUNT-0291,,Carlos Mendez,Matheus Pereira,2026-03-17,matheus_pereira,,True,True,False,True
HUNT-0292,,Carlos Mendez,Valentina Morales,2026-03-16,valentina935,the.valentina,True,True,False,False
HUNT-0293,,Ana González,Matheus Gomes,2026-01-02,matheus_gomes,,True,False,False,False
HUNT-0294,,,Ana Pereira,,ana.pereira,ana370,False,False,False,False
HUNT-0295,,Bruno Alves,Mariana García,2026-02-25,the.mariana,,True,False,False,False
HUNT-0296,,,Diego Muñoz,,diego.munoz,the.diego,False,False,False,False
HUNT-0297,,Valentina Torres,Bastián Silva,2026-01-11,bastian627,the.bastian,True,True,False,True
HUNT-0298,,,Lucas Ferreira,,lucas.ferreira,,False,False,False,False
HUNT-0299,,,Paola Flores,,paola945,the.paola,False,False,False,False
HUNT-0300,,,Sofía Martínez,,sofia_martinez,sofia.martinez,False,False,False,False
HUNT-0301,beatrizribeiro8680,Bruno Alves,Beatriz Ribeiro,2026-01-16,beatriz619,beatriz_ribeiro,True,True,True,False
HUNT-0302,,Bruno Alves,Mariana Pérez,2026-01-20,,mariana809,True,True,False,True
HUNT-0303,,,Gabriel Oliveira,,gabriel936,the.gabriel,False,False,False,False
HUNT-0304,pedroferreira864,Bruno Alves,Pedro Ferreira,2026-02-11,pedro.ferreira,,True,True,True,False
HUNT-0305,,,Rodrigo Morales,,rodrigo936,rodrigo_morales,False,False,False,False
HUNT-0306,,,Ignacio Soto,,ignacio.soto,ignacio_soto,False,False,False,False
HUNT-0307,,,Daniela Pérez,,the.daniela,,False,False,False,False
HUNT-0308,,,Larissa Santos,,larissa_santos,larissa596,False,False,False,False
HUNT-0309,,Sofía Ramírez,Pedro Lima,2025-12-21,pedro640,pedro60,True,False,False,False
HUNT-0310,,,Felipe Rojas,,felipe_rojas,felipe_rojas,False,False,False,False
HUNT-0311,,,João Gomes,,joão_gomes,the.joão,False,False,False,False
HUNT-0312,,Sofía Ramírez,Santiago Díaz,2026-03-11,,the.santiago,True,True,False,True
HUNT-0313,,,Lautaro Sánchez,,lautaro_sanchez,lautaro.sanchez,False,False,False,False
HUNT-0314,,Valentina Torres,Lautaro Sánchez,2026-02-04,the.lautaro,,True,True,False,True
HUNT-0315,nicolassanchez3274,Valentina Torres,Nicolás Sánchez,2026-02-16,nicolas929,the.nicolas,True,True,True,False
HUNT-0316,,,Sebastián Rojas,,sebastian_rojas,sebastian_rojas,False,False,False,False
HUNT-0317,,Carlos Mendez,Lucía García,2026-02-02,,lucia494,True,True,False,False
HUNT-0318,,Carlos Mendez,Sofía Romero,2026-01-12,sofia_romero,,True,True,False,True
HUNT-0319,,Carlos Mendez,Lucía Sánchez,2026-03-09,lucia.sanchez,lucia232,True,True,False,False
HUNT-0320,,,Fernanda Pereira,,,fernanda.pereira,False,False,False,False
HUNT-0321,,Carlos Mendez,Gabriel Lima,2026-01-22,the.gabriel,,True,False,False,False
HUNT-0322,,,Diego López,,diego_lopez,diego.lopez,False,False,False,False
HUNT-0323,,Carlos Mendez,Julián Díaz,2026-02-22,the.julian,julian.diaz,True,True,False,False
HUNT-0324,,Carlos Mendez,Karla Ramírez,2026-02-01,the.karla,karla_ramirez,True,True,False,True
HUNT-0325,,,Javier García,,javier_garcia,javier_garcia,False,False,False,False
HUNT-0326,,Bruno Alves,Mariana Torres,2026-01-01,mariana.torres,,True,False,False,False
HUNT-0327,,,Daniela González,,daniela.gonzalez,daniela.gonzalez,False,False,False,False
HUNT-0328,,Sofía Ramírez,Lautaro Torres,2026-01-06,the.lautaro,,True,False,False,False
HUNT-0329,,,Matías Flores,,matias_flores,matias_flores,False,False,False,False
HUNT-0330,,Valentina Torres,Daniela Hernández,2026-01-16,daniela.hernandez,daniela.hernandez,True,True,False,True
HUNT-0331,,,Daniela Flores,,daniela248,the.daniela,False,False,False,False
HUNT-0332,,,Andrés Pérez,,,the.andres,False,False,False,False
HUNT-0333,,Valentina Torres,Pedro Lima,2026-01-12,pedro_lima,,True,True,False,True
HUNT-0334,fernandamorales4345,Carlos Mendez,Fernanda Morales,2026-01-30,,the.fernanda,True,True,True,False
HUNT-0335,,,Valentina Martínez,,valentina.martinez,,False,False,False,False
HUNT-0336,,Sofía Ramírez,Paola Martínez,2026-02-15,the.paola,paola645,True,True,False,False
HUNT-0337,,,Santiago Díaz,,the.santiago,santiago_diaz,False,False,False,False
HUNT-0338,,,Bastián Silva,,the.bastian,bastian792,False,False,False,False
HUNT-0339,,,Jorge García,,the.jorge,,False,False,False,False
HUNT-0340,,Valentina Torres,Ana Ferreira,2026-02-07,ana.ferreira,,True,True,False,True
HUNT-0341,,,Andrés Ramírez,,andres_ramirez,andres_ramirez,False,False,False,False
HUNT-0342,,Ana González,Karla Pérez,2026-03-04,,karla645,True,True,False,False
HUNT-0343,,Sofía Ramírez,Julia Ferreira,2026-03-03,julia.ferreira,,True,True,False,True
HUNT-0344,,,Sebastián Soto,,sebastian873,sebastian.soto,False,False,False,False
HUNT-0345,,,Andrés González,,the.andres,andres.gonzalez,False,False,False,False
HUNT-0346,,,Rafael Oliveira,,rafael_oliveira,the.rafael,False,False,False,False
HUNT-0347,,,Diego Álvarez,,diego437,diego_alvarez,False,False,False,False
HUNT-0348,,Carlos Mendez,Miguel Hernández,2026-01-15,miguel303,miguel.hernandez,True,True,False,True
HUNT-0349,,Valentina Torres,Lucas Gomes,2025-12-31,lucas948,,True,True,False,False
HUNT-0350,,Carlos Mendez,Valentina Rodríguez,2026-02-27,the.valentina,,True,True,False,True
HUNT-0351,,,Catalina Rojas,,catalina.rojas,the.catalina,False,False,False,False
HUNT-0352,,,Matías González,,matias_gonzalez,,False,False,False,False
HUNT-0353,,,Lucas Ferreira,,,lucas_ferreira,False,False,False,False
HUNT-0354,,,Constanza Álvarez,,,constanza425,False,False,False,False
HUNT-0355,,,Pedro Santos,,pedro.santos,pedro_santos,False,False,False,False
HUNT-0356,,Valentina Torres,Isabela Rodrigues,2026-03-13,,the.isabela,True,False,False,False
HUNT-0357,,,Larissa Pereira,,larissa_pereira,the.larissa,False,False,False,False
HUNT-0358,,,Lucía López,,the.lucia,lucia384,False,False,False,False
HUNT-0359,,Ana González,Bastián Silva,2026-01-13,the.bastian,,True,True,False,False
HUNT-0360,,Ana González,Jorge Hernández,2026-03-18,jorge_hernandez,,True,True,False,True
HUNT-0361,,,Lucas Ribeiro,,the.lucas,lucas730,False,False,False,False
HUNT-0362,,,Beatriz Rodrigues,,the.beatriz,,False,False,False,False
HUNT-0363,,Carlos Mendez,Paola Hernández,2026-01-26,paola_hernandez,paola164,True,True,False,False
HUNT-0364,,,Fernanda Oliveira,,fernanda415,fernanda_oliveira,False,False,False,False
HUNT-0365,,Bruno Alves,Ignacio Flores,2026-02-27,ignacio_flores,,True,True,False,True
HUNT-0366,,,Constanza Flores,,constanza172,constanza_flores,False,False,False,False
HUNT-0367,rodrigoramirez1426,Carlos Mendez,Rodrigo Ramírez,2026-03-18,rodrigo.ramirez,the.rodrigo,True,True,True,False
HUNT-0368,,,Tomás Rodríguez,,,tomas968,False,False,False,False
HUNT-0369,,,Jorge Ramírez,,jorge.ramirez,,False,False,False,False
HUNT-0370,,Valentina Torres,Pedro Lima,2026-01-20,pedro.lima,pedro.lima,True,True,False,True
HUNT-0371,,Sofía Ramírez,Facundo García,2026-03-12,facundo_garcia,facundo.garcia,True,True,False,True
HUNT-0372,,,Larissa Ferreira,,larissa281,,False,False,False,False
HUNT-0373,,Sofía Ramírez,Beatriz Santos,2026-01-13,beatriz_santos,,True,True,False,True
HUNT-0374,,,Karla Hernández,,the.karla,karla.hernandez,False,False,False,False
HUNT-0375,,,Catalina Rojas,,catalina404,catalina_rojas,False,False,False,False
HUNT-0376,,Sofía Ramírez,Rafael Ferreira,2026-02-19,rafael.ferreira,the.rafael,True,True,False,True
HUNT-0377,,Sofía Ramírez,Ana Ribeiro,2026-03-11,ana_ribeiro,,True,True,False,False
HUNT-0378,,,Sebastián Flores,,sebastian.flores,sebastian.flores,False,False,False,False
HUNT-0379,,Valentina Torres,Beatriz Ribeiro,2026-03-03,the.beatriz,,True,False,False,False
HUNT-0380,,,Emma Pérez,,emma761,emma136,False,False,False,False
HUNT-0381,,,Martina Sánchez,,martina.sanchez,the.martina,False,False,False,False
HUNT-0382,,,Tomás González,,,the.tomas,False,False,False,False
HUNT-0383,,,Diego Contreras,,diego_contreras,diego.contreras,False,False,False,False
HUNT-0384,,Sofía Ramírez,Sofía Martínez,2026-02-10,sofia55,the.sofia,True,False,False,False
HUNT-0385,,Carlos Mendez,Fernanda Oliveira,2026-01-26,fernanda_oliveira,,True,True,False,True
HUNT-0386,,Valentina Torres,Javier Sánchez,2026-02-15,javier509,,True,True,False,True
HUNT-0387,,Carlos Mendez,Santiago Torres,2026-03-02,the.santiago,the.santiago,True,True,False,True
HUNT-0388,,,Facundo Sánchez,,,facundo260,False,False,False,False
HUNT-0389,,,Julia Alves,,julia343,the.julia,False,False,False,False
HUNT-0390,,Sofía Ramírez,Felipe Soto,2026-03-12,felipe.soto,felipe815,True,True,False,True
HUNT-0391,,,Paola Morales,,paola_morales,paola662,False,False,False,False
HUNT-0392,,Ana González,Javiera Contreras,2026-02-13,javiera_contreras,,True,True,False,False
HUNT-0393,,Sofía Ramírez,Sebastián Soto,2026-01-19,sebastian_soto,sebastian.soto,True,True,False,False
HUNT-0394,,,Daniela Pérez,,daniela979,daniela_perez,False,False,False,False
HUNT-0395,,,Jorge Torres,,the.jorge,jorge.torres,False,False,False,False
HUNT-0396,,,Javier Martínez,,,the.javier,False,False,False,False
HUNT-0397,,Sofía Ramírez,Lautaro Martínez,2026-02-21,lautaro_martinez,,True,True,False,True
HUNT-0398,,Bruno Alves,Fernanda Gomes,2026-01-27,fernanda_gomes,fernanda.gomes,True,True,False,True
HUNT-0399,,,Fernanda Hernández,,fernanda479,fernanda.hernandez,False,False,False,False
HUNT-0400,,,Mariana Flores,,the.mariana,,False,False,False,False
HUNT-0401,,,Lucas Oliveira,,the.lucas,,False,False,False,False
HUNT-0402,,Ana González,Karla Flores,2026-01-25,karla_flores,the.karla,True,True,False,False
HUNT-0403,,,Matheus Gomes,,matheus529,the.matheus,False,False,False,False
HUNT-0404,,Carlos Mendez,Santiago Díaz,2026-02-13,,santiago885,True,True,False,True
HUNT-0405,,,Lautaro Díaz,,lautaro800,lautaro.diaz,False,False,False,False
HUNT-0406,,Sofía Ramírez,Isabela Gomes,2026-01-31,isabela_gomes,isabela.gomes,True,True,False,False
HUNT-0407,,,Martina Romero,,martina377,martina927,False,False,False,False
HUNT-0408,,Bruno Alves,Fernanda Flores,2026-01-21,fernanda131,fernanda_flores,True,True,False,False
HUNT-0409,,,Sebastián Rojas,,sebastian.rojas,the.sebastian,False,False,False,False
HUNT-0410,,,Javier Ramírez,,the.javier,the.javier,False,False,False,False
HUNT-0411,,Sofía Ramírez,Guilherme Ferreira,2026-02-22,guilherme270,the.guilherme,True,True,False,True
HUNT-0412,,Carlos Mendez,Mariana Ramírez,2026-01-09,the.mariana,the.mariana,True,True,False,False
HUNT-0413,,Ana González,Pedro Ribeiro,2025-12-31,pedro.ribeiro,pedro.ribeiro,True,True,False,False
HUNT-0414,,,Fernanda Rodrigues,,the.fernanda,,False,False,False,False
HUNT-0415,,Sofía Ramírez,Beatriz Rodrigues,2025-12-23,beatriz828,beatriz583,True,False,False,False
HUNT-0416,,,Matías Soto,,matias314,,False,False,False,False
HUNT-0417,,Valentina Torres,Karla González,2026-02-05,karla938,karla419,True,True,False,True
HUNT-0418,,,Miguel Pérez,,miguel.perez,miguel.perez,False,False,False,False
HUNT-0419,,Carlos Mendez,Julián Rodríguez,2026-01-17,,the.julian,True,True,False,False
HUNT-0420,,,João Pereira,,the.joão,the.joão,False,False,False,False
HUNT-0421,,,Andrés González,,the.andres,,False,False,False,False
HUNT-0422,,,Valentina Díaz,,valentina881,valentina.diaz,False,False,False,False
HUNT-0423,,,Emma Fernández,,emma.fernandez,emma_fernandez,False,False,False,False
HUNT-0424,,,Matheus Santos,,matheus_santos,matheus653,False,False,False,False
HUNT-0425,,,Larissa Alves,,the.larissa,the.larissa,False,False,False,False
HUNT-0426,,,Beatriz Ferreira,,beatriz345,,False,False,False,False
HUNT-0427,,,Sofía Díaz,,sofia450,,False,False,False,False
HUNT-0428,,,Valentina González,,,valentina924,False,False,False,False
HUNT-0429,,Bruno Alves,Valentina Pérez,2026-02-10,valentina.perez,,True,True,False,False
HUNT-0430,,,Beatriz Silva,,beatriz753,beatriz_silva,False,False,False,False
HUNT-0431,,Carlos Mendez,Diego González,2025-12-27,,diego_gonzalez,True,False,False,False
HUNT-0432,,,Jorge Hernández,,the.jorge,jorge772,False,False,False,False
HUNT-0433,,Sofía Ramírez,Javiera Soto,2026-02-12,javiera.soto,javiera_soto,True,True,False,True
HUNT-0434,,,Rodrigo Hernández,,rodrigo503,,False,False,False,False
HUNT-0435,,,Tomás Díaz,,tomas927,,False,False,False,False
HUNT-0436,,,Miguel Sánchez,,the.miguel,miguel644,False,False,False,False
HUNT-0437,,Bruno Alves,Sofía González,2025-12-26,sofia128,,True,False,False,False
HUNT-0438,fernandagonzalez6046,Bruno Alves,Fernanda González,2026-02-13,fernanda921,,True,True,True,False
HUNT-0439,,,Diego Pérez,,diego_perez,diego455,False,False,False,False
HUNT-0440,,,Fernanda Silva,,fernanda_silva,fernanda.silva,False,False,False,False
HUNT-0441,,Sofía Ramírez,Isabela Lima,2026-02-12,isabela10,isabela437,True,True,False,True
HUNT-0442,,,Beatriz Ferreira,,beatriz223,beatriz974,False,False,False,False
HUNT-0443,,Bruno Alves,Constanza Silva,2026-01-15,constanza.silva,the.constanza,True,True,False,True
HUNT-0444,,Sofía Ramírez,Jorge Torres,2026-01-24,jorge_torres,jorge314,True,False,False,False
HUNT-0445,,,Rafael Santos,,rafael.santos,the.rafael,False,False,False,False
HUNT-0446,,,Valentina Flores,,valentina.flores,the.valentina,False,False,False,False
HUNT-0447,,,Ignacio Díaz,,ignacio_diaz,the.ignacio,False,False,False,False
HUNT-0448,,,Guilherme Pereira,,guilherme293,guilherme_pereira,False,False,False,False
HUNT-0449,,,Matheus Santos,,matheus_santos,matheus586,False,False,False,False
HUNT-0450,,Bruno Alves,Constanza Martínez,2026-01-23,constanza.martinez,the.constanza,True,True,False,False
HUNT-0451,,Carlos Mendez,Matías Álvarez,2026-01-31,matias407,the.matias,True,True,False,True
HUNT-0452,camiladiaz9316,Valentina Torres,Camila Díaz,2026-01-21,camila232,camila_diaz,True,True,True,False
HUNT-0453,,Sofía Ramírez,Javiera Martínez,2026-02-15,,the.javiera,True,True,False,True
HUNT-0454,,Valentina Torres,Matheus Silva,2026-02-19,the.matheus,,True,True,False,True
HUNT-0455,,,Paola Morales,,paola182,,False,False,False,False
HUNT-0456,,,Nicolás Pérez,,nicolas418,,False,False,False,False
HUNT-0457,,Valentina Torres,Facundo González,2026-01-25,facundo_gonzalez,,True,False,False,False
HUNT-0458,,,Gabriel Lima,,gabriel_lima,gabriel_lima,False,False,False,False
HUNT-0459,,Carlos Mendez,Camila González,2026-02-01,camila.gonzalez,the.camila,True,True,False,False
HUNT-0460,,,Mateo Romero,,the.mateo,mateo184,False,False,False,False
HUNT-0461,,Carlos Mendez,Diego Hernández,2026-01-10,diego.hernandez,,True,False,False,False
HUNT-0462,,,Pedro Santos,,pedro689,pedro.santos,False,False,False,False
HUNT-0463,,,Pedro Silva,,the.pedro,pedro806,False,False,False,False
HUNT-0464,,,Camila Silva,,camila.silva,camila.silva,False,False,False,False
HUNT-0465,,,Nicolás Fernández,,nicolas.fernandez,,False,False,False,False
HUNT-0466,,Ana González,Fernanda Hernández,2026-01-27,,fernanda447,True,False,False,False
HUNT-0467,,Ana González,Bastián Flores,2026-02-04,the.bastian,,True,False,False,False
HUNT-0468,,,Diego Díaz,,diego.diaz,,False,False,False,False
HUNT-0469,,,Andrés López,,andres158,the.andres,False,False,False,False
HUNT-0470,,,Tomás González,,tomas.gonzalez,tomas.gonzalez,False,False,False,False
HUNT-0471,,,Diego Morales,,diego959,the.diego,False,False,False,False
HUNT-0472,,,Miguel Sánchez,,miguel306,the.miguel,False,False,False,False
HUNT-0473,,,Andrés Ramírez,,andres_ramirez,andres231,False,False,False,False
HUNT-0474,,Bruno Alves,João Oliveira,2026-01-24,,joão.oliveira,True,True,False,False
HUNT-0475,,,Gabriel Lima,,gabriel_lima,gabriel_lima,False,False,False,False
HUNT-0476,,Sofía Ramírez,Agustina Martínez,2026-02-17,agustina.martinez,,True,True,False,True
HUNT-0477,,,Javiera Martínez,,javiera.martinez,javiera55,False,False,False,False
HUNT-0478,,Bruno Alves,Javier Flores,2026-02-17,,javier.flores,True,False,False,False
HUNT-0479,,,Pedro Gomes,,pedro.gomes,the.pedro,False,False,False,False
HUNT-0480,,,Diego González,,diego.gonzalez,diego.gonzalez,False,False,False,False
HUNT-0481,,,João Santos,,,joão_santos,False,False,False,False
HUNT-0482,,Carlos Mendez,Bastián Díaz,2026-02-17,,bastian925,True,True,False,True
HUNT-0483,,,Pedro Rodrigues,,the.pedro,pedro_rodrigues,False,False,False,False
HUNT-0484,,Sofía Ramírez,Isidora Pérez,2026-02-25,the.isidora,isidora21,True,True,False,True
HUNT-0485,,Sofía Ramírez,Javiera Silva,2026-01-17,,the.javiera,True,True,False,True
HUNT-0486,,Bruno Alves,Gabriel Silva,2026-03-09,gabriel75,the.gabriel,True,False,False,False
HUNT-0487,,Sofía Ramírez,Andrés Flores,2026-01-02,andres641,andres506,True,False,False,False
HUNT-0488,,Valentina Torres,Fernanda Alves,2026-03-05,fernanda731,fernanda.alves,True,True,False,False
HUNT-0489,,,Paola Pérez,,paola318,the.paola,False,False,False,False
HUNT-0490,,Valentina Torres,Julián Díaz,2026-03-15,the.julian,,True,True,False,False
HUNT-0491,,Sofía Ramírez,Lucas Oliveira,2026-02-11,lucas.oliveira,lucas468,True,True,False,True
HUNT-0492,guilhermeribeiro8488,Valentina Torres,Guilherme Ribeiro,2026-03-08,guilherme946,,True,True,True,False
HUNT-0493,,Bruno Alves,Javiera Álvarez,2026-02-03,the.javiera,javiera.alvarez,True,True,False,False
HUNT-0494,,,Isabela Souza,,the.isabela,isabela.souza,False,False,False,False
HUNT-0495,,Ana González,Ignacio Silva,2026-02-15,ignacio546,ignacio.silva,True,False,False,False
HUNT-0496,,Valentina Torres,Javier Ramírez,2026-02-22,javier316,javier.ramirez,True,False,False,False
HUNT-0497,,,Gabriel Silva,,the.gabriel,gabriel341,False,False,False,False
HUNT-0498,,Valentina Torres,Isidora González,2026-03-01,isidora524,isidora_gonzalez,True,False,False,False
HUNT-0499,,,Constanza Muñoz,,constanza_munoz,constanza197,False,False,False,False
HUNT-0500,,Carlos Mendez,Felipe Martínez,2026-01-23,felipe.martinez,felipe493,True,True,False,True
HUNT-0501,,Ana González,Mateo Rodríguez,2026-02-12,,mateo.rodriguez,True,True,False,True
HUNT-0502,,,Fernanda Souza,,fernanda_souza,,False,False,False,False
HUNT-0503,,Carlos Mendez,Paola Morales,2026-02-03,paola419,paola526,True,True,False,True
HUNT-0504,,Bruno Alves,Facundo Sánchez,2026-01-31,facundo.sanchez,facundo_sanchez,True,True,False,True
HUNT-0505,,Carlos Mendez,Julia Pereira,2026-01-28,julia_pereira,julia.pereira,True,True,False,True
HUNT-0506,,Sofía Ramírez,Valentina Torres,2025-12-20,valentina_torres,,True,False,False,False
HUNT-0507,,Bruno Alves,Rodrigo Flores,2026-01-07,rodrigo_flores,,True,True,False,False
HUNT-0508,,Valentina Torres,Paola González,2026-01-23,paola.gonzalez,the.paola,True,True,False,False
HUNT-0509,,Sofía Ramírez,Lucas Silva,2026-03-02,lucas.silva,,True,True,False,True
HUNT-0510,,,João Alves,,the.joão,joão254,False,False,False,False
HUNT-0511,,Sofía Ramírez,Rafael Alves,2026-02-05,the.rafael,,True,True,False,False
HUNT-0512,,,Constanza Muñoz,,constanza982,the.constanza,False,False,False,False
HUNT-0513,,,Julia Alves,,julia_alves,julia_alves,False,False,False,False
HUNT-0514,,,Javier Flores,,,javier155,False,False,False,False
HUNT-0515,,,Paola González,,paola.gonzalez,the.paola,False,False,False,False
HUNT-0516,,Sofía Ramírez,Gabriel Alves,2026-02-01,gabriel.alves,gabriel_alves,True,False,False,False
HUNT-0517,,,Valentina Flores,,valentina_flores,valentina.flores,False,False,False,False
HUNT-0518,,,Valentina González,,the.valentina,,False,False,False,False
HUNT-0519,larissaalves5795,Sofía Ramírez,Larissa Alves,2026-03-17,larissa.alves,larissa.alves,True,True,True,False
HUNT-0520,,Valentina Torres,Karla Ramírez,2026-01-03,karla_ramirez,karla.ramirez,True,True,False,False
HUNT-0521,,Carlos Mendez,Javiera Rojas,2026-03-12,javiera506,the.javiera,True,False,False,False
HUNT-0522,,Carlos Mendez,Miguel Martínez,2026-02-01,miguel860,miguel.martinez,True,True,False,False
HUNT-0523,,,Felipe Flores,,,the.felipe,False,False,False,False
HUNT-0524,,Carlos Mendez,Miguel Sánchez,2026-03-16,miguel_sanchez,the.miguel,True,True,False,False
HUNT-0525,,Valentina Torres,Daniela Flores,2026-02-05,daniela.flores,daniela.flores,True,False,False,False
HUNT-0526,,Bruno Alves,Martina López,2026-01-16,martina.lopez,martina_lopez,True,True,False,True
HUNT-0527,larissaalves9441,Bruno Alves,Larissa Alves,2026-01-29,larissa361,larissa_alves,True,True,True,False
HUNT-0528,,,Valentina Pérez,,valentina367,,False,False,False,False
HUNT-0529,matiasflores6934,Sofía Ramírez,Matías Flores,2026-01-19,matias.flores,matias272,True,True,True,False
HUNT-0530,,Ana González,Fernanda Sánchez,2026-03-15,fernanda48,fernanda499,True,True,False,True
HUNT-0531,,,Santiago Sánchez,,santiago.sanchez,,False,False,False,False
HUNT-0532,,,Isabela Gomes,,isabela_gomes,the.isabela,False,False,False,False
HUNT-0533,,,Bastián Díaz,,bastian.diaz,,False,False,False,False
HUNT-0534,,Sofía Ramírez,Santiago López,2026-02-25,santiago421,,True,True,False,True
HUNT-0535,diegosanchez2434,Bruno Alves,Diego Sánchez,2026-02-10,diego171,diego.sanchez,True,True,True,False
HUNT-0536,,Sofía Ramírez,Julia Gomes,2026-01-04,julia_gomes,julia353,True,True,False,True
HUNT-0537,,,Isabela Lima,,,isabela_lima,False,False,False,False
HUNT-0538,,Carlos Mendez,João Souza,2026-01-23,joão.souza,,True,True,False,False
HUNT-0539,,,Julia Alves,,julia_alves,julia_alves,False,False,False,False
HUNT-0540,,,Beatriz Ribeiro,,beatriz_ribeiro,,False,False,False,False
HUNT-0541,,Valentina Torres,Valentina Ramírez,2026-01-28,valentina_ramirez,valentina_ramirez,True,True,False,True
HUNT-0542,,,João Alves,,joão_alves,,False,False,False,False
HUNT-0543,,,João Lima,,joão.lima,joão.lima,False,False,False,False
HUNT-0544,,Bruno Alves,Emma Martínez,2026-03-13,emma989,emma_martinez,True,True,False,True
HUNT-0545,,,Paola Morales,,,the.paola,False,False,False,False
HUNT-0546,,,Lautaro Pérez,,lautaro_perez,lautaro.perez,False,False,False,False
HUNT-0547,,,Ignacio Martínez,,the.ignacio,ignacio_martinez,False,False,False,False
HUNT-0548,jorgeperez1881,Sofía Ramírez,Jorge Pérez,2026-03-01,the.jorge,jorge.perez,True,True,True,False
HUNT-0549,rodrigotorres5250,Ana González,Rodrigo Torres,2026-03-13,rodrigo.torres,the.rodrigo,True,True,True,False
HUNT-0550,,Ana González,Sofía López,2026-01-18,,the.sofia,True,True,False,False
HUNT-0551,,,João Oliveira,,joão671,the.joão,False,False,False,False
HUNT-0552,,,Agustina Romero,,the.agustina,agustina523,False,False,False,False
HUNT-0553,,,João Pereira,,the.joão,the.joão,False,False,False,False
HUNT-0554,rodrigomartinez8068,Valentina Torres,Rodrigo Martínez,2026-01-06,rodrigo_martinez,the.rodrigo,True,True,True,False
HUNT-0555,,,Isabela Oliveira,,the.isabela,isabela_oliveira,False,False,False,False
HUNT-0556,,Carlos Mendez,Diego Torres,2026-03-09,,diego.torres,True,True,False,True
HUNT-0557,,,Sebastián Álvarez,,the.sebastian,sebastian_alvarez,False,False,False,False
HUNT-0558,,,Miguel García,,miguel506,miguel.garcia,False,False,False,False
HUNT-0559,,,Ana Souza,,ana_souza,ana_souza,False,False,False,False
HUNT-0560,,,Pedro Santos,,pedro768,pedro_santos,False,False,False,False
HUNT-0561,,Carlos Mendez,Diego Pérez,2026-03-05,diego418,diego_perez,True,True,False,True
HUNT-0562,,,Matías Martínez,,matias.martinez,the.matias,False,False,False,False
HUNT-0563,,,Felipe Muñoz,,felipe838,felipe.munoz,False,False,False,False
HUNT-0564,,,Mariana Morales,,,mariana.morales,False,False,False,False
HUNT-0565,,Bruno Alves,Isabela Oliveira,2026-01-26,isabela.oliveira,the.isabela,True,True,False,True
HUNT-0566,,,Constanza Soto,,constanza_soto,the.constanza,False,False,False,False
HUNT-0567,,Ana González,Mariana Flores,2026-02-23,mariana.flores,mariana_flores,True,True,False,False
HUNT-0568,,,Andrés Morales,,andres.morales,the.andres,False,False,False,False
HUNT-0569,,Bruno Alves,Larissa Oliveira,2026-01-10,larissa516,larissa_oliveira,True,False,False,False
HUNT-0570,,,Lucas Silva,,lucas_silva,,False,False,False,False
HUNT-0571,,,Ignacio Martínez,,the.ignacio,ignacio_martinez,False,False,False,False
HUNT-0572,,Bruno Alves,Rodrigo Ramírez,2026-02-12,rodrigo.ramirez,rodrigo.ramirez,True,True,False,False
HUNT-0573,,,Daniela González,,daniela_gonzalez,daniela.gonzalez,False,False,False,False
HUNT-0574,,,Larissa Pereira,,larissa998,the.larissa,False,False,False,False
HUNT-0575,,Sofía Ramírez,Javiera Pérez,2026-01-30,javiera_perez,javiera_perez,True,False,False,False
HUNT-0576,,,Pedro Silva,,the.pedro,,False,False,False,False
HUNT-0577,,,Javiera Álvarez,,javiera.alvarez,,False,False,False,False
HUNT-0578,,Valentina Torres,Matías Pérez,2026-01-15,,matias_perez,True,False,False,False
HUNT-0579,,Sofía Ramírez,Valentina López,2026-01-11,valentina421,valentina_lopez,True,True,False,False
HUNT-0580,,,Lucas Gomes,,lucas_gomes,lucas615,False,False,False,False
HUNT-0581,,,Fernanda Souza,,fernanda.souza,fernanda.souza,False,False,False,False
HUNT-0582,,,Javier Torres,,javier591,javier450,False,False,False,False
HUNT-0583,,,Isidora Flores,,,isidora.flores,False,False,False,False
HUNT-0584,,Carlos Mendez,Emma Rodríguez,2026-03-09,emma_rodriguez,,True,True,False,True
HUNT-0585,,,Fernanda González,,the.fernanda,fernanda_gonzalez,False,False,False,False
HUNT-0586,,,Mariana Pérez,,mariana_perez,mariana_perez,False,False,False,False
HUNT-0587,,Carlos Mendez,Matheus Oliveira,2026-02-21,matheus_oliveira,matheus_oliveira,True,True,False,True
HUNT-0588,,Carlos Mendez,Julia Ribeiro,2026-01-20,julia_ribeiro,,True,True,False,False
HUNT-0589,,,Rodrigo Pérez,,,rodrigo251,False,False,False,False
HUNT-0590,,,Fernanda Martínez,,fernanda_martinez,the.fernanda,False,False,False,False
HUNT-0591,,Sofía Ramírez,Valentina Torres,2026-02-16,the.valentina,valentina_torres,True,True,False,True
HUNT-0592,,,Daniela Ramírez,,daniela.ramirez,the.daniela,False,False,False,False
HUNT-0593,,,Facundo Torres,,facundo_torres,facundo.torres,False,False,False,False
HUNT-0594,,,Diego Morales,,the.diego,diego542,False,False,False,False
HUNT-0595,,Ana González,Jorge García,2026-01-26,,the.jorge,True,False,False,False
HUNT-0596,,,Matheus Silva,,matheus706,the.matheus,False,False,False,False
HUNT-0597,,,Mariana Morales,,mariana.morales,,False,False,False,False
HUNT-0598,,Sofía Ramírez,Isidora Muñoz,2026-02-17,isidora601,isidora926,True,True,False,True
HUNT-0599,,,Catalina Rojas,,catalina869,catalina.rojas,False,False,False,False
HUNT-0600,,Sofía Ramírez,Rodrigo López,2026-02-28,rodrigo.lopez,rodrigo223,True,True,False,True
HUNT-0601,,Valentina Torres,Fernanda López,2026-02-22,fernanda30,fernanda.lopez,True,True,False,False
HUNT-0602,,,Guilherme Ribeiro,,guilherme694,guilherme.ribeiro,False,False,False,False
HUNT-0603,,Carlos Mendez,Javiera Contreras,2026-01-17,javiera765,javiera.contreras,True,True,False,True
HUNT-0604,,,Javiera Muñoz,,javiera.munoz,,False,False,False,False
HUNT-0605,,Valentina Torres,Martina Pérez,2026-02-21,martina222,martina_perez,True,True,False,False
HUNT-0606,,,Sofía Romero,,sofia.romero,sofia52,False,False,False,False
HUNT-0607,,Sofía Ramírez,Lucas Souza,2026-02-24,,the.lucas,True,True,False,False
HUNT-0608,,,Nicolás Fernández,,,nicolas.fernandez,False,False,False,False
HUNT-0609,,,Valentina Flores,,valentina_flores,the.valentina,False,False,False,False
HUNT-0610,marianalopez5211,Valentina Torres,Mariana López,2026-02-11,mariana_lopez,the.mariana,True,True,True,False
HUNT-0611,,Ana González,Javier Flores,2026-01-22,javier898,javier994,True,False,False,False
HUNT-0612,,Carlos Mendez,Isabela Rodrigues,2026-01-29,isabela_rodrigues,the.isabela,True,True,False,True
HUNT-0613,,,João Alves,,joão.alves,,False,False,False,False
HUNT-0614,,,Daniela Ramírez,,the.daniela,daniela919,False,False,False,False
HUNT-0615,,,Rafael Santos,,,the.rafael,False,False,False,False
HUNT-0616,,Ana González,Diego Pérez,2026-01-24,diego.perez,,True,True,False,True
HUNT-0617,,,Sebastián Soto,,sebastian_soto,,False,False,False,False
HUNT-0618,,Bruno Alves,Pedro Santos,2026-02-03,pedro.santos,pedro.santos,True,True,False,True
HUNT-0619,,,Daniela García,,,daniela_garcia,False,False,False,False
HUNT-0620,,,Karla Morales,,karla_morales,the.karla,False,False,False,False
HUNT-0621,,,Gabriel Santos,,gabriel433,gabriel.santos,False,False,False,False
HUNT-0622,,Bruno Alves,Javiera Pérez,2026-02-21,javiera833,javiera_perez,True,True,False,True
HUNT-0623,pedrooliveira7419,Bruno Alves,Pedro Oliveira,2026-03-15,pedro.oliveira,pedro78,True,True,True,False
HUNT-0624,,,Lautaro Díaz,,lautaro_diaz,lautaro.diaz,False,False,False,False
HUNT-0625,,,Valentina González,,valentina.gonzalez,valentina836,False,False,False,False
HUNT-0626,,Ana González,Matheus Gomes,2025-12-28,matheus_gomes,,True,True,False,False
HUNT-0627,,,Bastián Rojas,,bastian242,bastian_rojas,False,False,False,False
HUNT-0628,,,Fernanda Hernández,,,fernanda291,False,False,False,False
HUNT-0629,,Bruno Alves,Rodrigo González,2026-03-10,the.rodrigo,,True,True,False,True
HUNT-0630,,,Beatriz Santos,,the.beatriz,beatriz831,False,False,False,False
HUNT-0631,,,Guilherme Santos,,guilherme_santos,guilherme_santos,False,False,False,False
HUNT-0632,,,Javiera Silva,,javiera.silva,javiera918,False,False,False,False
HUNT-0633,,,Rafael Oliveira,,rafael828,,False,False,False,False
HUNT-0634,,Valentina Torres,Javier Morales,2026-02-11,javier_morales,javier_morales,True,True,False,True
HUNT-0635,,Valentina Torres,Fernanda García,2026-01-21,fernanda312,the.fernanda,True,True,False,True
HUNT-0636,,,Larissa Oliveira,,the.larissa,,False,False,False,False
HUNT-0637,,Bruno Alves,Julián Díaz,2026-03-12,the.julian,julian142,True,False,False,False
HUNT-0638,,Ana González,João Ferreira,2026-01-14,the.joão,joão_ferreira,True,True,False,True
HUNT-0639,,,Julia Lima,,julia_lima,,False,False,False,False
HUNT-0640,,Ana González,Camila Contreras,2026-01-17,the.camila,,True,False,False,False
HUNT-0641,,Valentina Torres,Pedro Rodrigues,2026-02-28,pedro850,pedro349,True,True,False,True
HUNT-0642,,Carlos Mendez,Lucas Souza,2026-03-18,lucas_souza,lucas204,True,True,False,True
HUNT-0643,,Bruno Alves,Rafael Souza,2026-02-17,rafael132,,True,True,False,True
HUNT-0644,,,Lautaro Fernández,,lautaro694,the.lautaro,False,False,False,False
HUNT-0645,,,Camila Contreras,,camila_contreras,the.camila,False,False,False,False
HUNT-0646,,,João Silva,,joão559,joão304,False,False,False,False
HUNT-0647,,,Rodrigo González,,rodrigo931,,False,False,False,False
HUNT-0648,,,Mateo Sánchez,,,the.mateo,False,False,False,False
HUNT-0649,karlamartinez1584,Bruno Alves,Karla Martínez,2026-03-12,the.karla,,True,True,True,False
HUNT-0650,,Carlos Mendez,Guilherme Alves,2026-03-16,guilherme_alves,,True,True,False,False
HUNT-0651,,,Rafael Santos,,rafael851,,False,False,False,False
HUNT-0652,juliagomes6989,Carlos Mendez,Julia Gomes,2026-02-28,the.julia,,True,True,True,False
HUNT-0653,,,Fernanda Rodrigues,,the.fernanda,,False,False,False,False
HUNT-0654,,Bruno Alves,Sebastián Soto,2025-12-25,the.sebastian,sebastian114,True,False,False,False
HUNT-0655,,Sofía Ramírez,Agustina González,2026-03-10,agustina_gonzalez,the.agustina,True,True,False,True
HUNT-0656,,Bruno Alves,Jorge Pérez,2026-01-05,jorge473,jorge_perez,True,False,False,False
HUNT-0657,,Bruno Alves,Daniela Ramírez,2026-01-24,the.daniela,,True,False,False,False
HUNT-0658,,,Sofía González,,sofia_gonzalez,sofia_gonzalez,False,False,False,False
HUNT-0659,,Bruno Alves,Ana Souza,2026-01-06,the.ana,ana.souza,True,False,False,False
HUNT-0660,,,Diego Sánchez,,the.diego,diego67,False,False,False,False
HUNT-0661,,,Mariana García,,,mariana.garcia,False,False,False,False
HUNT-0662,,Bruno Alves,Andrés López,2026-02-07,the.andres,,True,False,False,False
HUNT-0663,,,Martina Rodríguez,,martina.rodriguez,,False,False,False,False
HUNT-0664,,,Agustina González,,agustina799,agustina946,False,False,False,False
HUNT-0665,,,Emma Díaz,,emma779,emma.diaz,False,False,False,False
HUNT-0666,,Bruno Alves,Julia Silva,2026-03-07,the.julia,julia975,True,True,False,False
HUNT-0667,,,Pedro Oliveira,,pedro_oliveira,,False,False,False,False
HUNT-0668,,Sofía Ramírez,Lucas Santos,2026-02-27,,lucas24,True,True,False,True
HUNT-0669,,,Javier Sánchez,,the.javier,javier302,False,False,False,False
HUNT-0670,,Bruno Alves,Miguel Hernández,2026-03-08,miguel_hernandez,the.miguel,True,True,False,True
HUNT-0671,,,Karla Ramírez,,karla_ramirez,karla_ramirez,False,False,False,False
HUNT-0672,,,Fernanda Ribeiro,,the.fernanda,,False,False,False,False
HUNT-0673,,Sofía Ramírez,Matheus Silva,2026-01-31,matheus.silva,matheus.silva,True,True,False,True
HUNT-0674,,,Daniela Morales,,the.daniela,,False,False,False,False
HUNT-0675,,,Guilherme Silva,,guilherme.silva,guilherme.silva,False,False,False,False
HUNT-0676,ignaciosilva6721,Valentina Torres,Ignacio Silva,2026-03-06,,ignacio_silva,True,True,True,False
HUNT-0677,,Bruno Alves,Sebastián Pérez,2026-03-06,the.sebastian,sebastian119,True,False,False,False
HUNT-0678,,,Fernanda González,,the.fernanda,fernanda.gonzalez,False,False,False,False
HUNT-0679,,,Diego Flores,,,diego.flores,False,False,False,False
HUNT-0680,,Bruno Alves,Catalina Díaz,2026-02-12,catalina526,,True,False,False,False
HUNT-0681,,,Bastián González,,bastian.gonzalez,,False,False,False,False
HUNT-0682,,Bruno Alves,Miguel Pérez,2026-02-27,miguel.perez,miguel.perez,True,True,False,False
HUNT-0683,,Ana González,Bastián Soto,2026-02-08,the.bastian,bastian284,True,False,False,False
HUNT-0684,,,Felipe Flores,,the.felipe,felipe.flores,False,False,False,False
HUNT-0685,,,Lautaro Sánchez,,lautaro880,lautaro_sanchez,False,False,False,False
HUNT-0686,,Ana González,Valentina García,2026-02-21,the.valentina,valentina.garcia,True,True,False,False
HUNT-0687,,,Matías González,,,matias.gonzalez,False,False,False,False
HUNT-0688,larissaferreira1379,Bruno Alves,Larissa Ferreira,2026-01-20,larissa.ferreira,,True,True,True,False
HUNT-0689,,,Lucas Silva,,lucas_silva,lucas.silva,False,False,False,False
HUNT-0690,,Bruno Alves,Mariana Martínez,2026-01-30,the.mariana,,True,True,False,True
HUNT-0691,,,Diego Álvarez,,diego_alvarez,diego.alvarez,False,False,False,False
HUNT-0692,,,Diego Rojas,,diego.rojas,the.diego,False,False,False,False
HUNT-0693,,Bruno Alves,Catalina Silva,2026-02-11,catalina_silva,,True,False,False,False
HUNT-0694,,,Julián Torres,,julian692,julian26,False,False,False,False
HUNT-0695,,,Constanza Contreras,,the.constanza,constanza182,False,False,False,False
HUNT-0696,,,Mariana García,,the.mariana,,False,False,False,False
HUNT-0697,,Bruno Alves,Rafael Silva,2026-02-01,the.rafael,,True,False,False,False
HUNT-0698,,,Javier López,,,javier345,False,False,False,False
HUNT-0699,,Sofía Ramírez,João Santos,2026-01-20,joão.santos,joão887,True,False,False,False
HUNT-0700,,Bruno Alves,Isabela Santos,2026-01-25,isabela326,the.isabela,True,True,False,True
HUNT-0701,,,Daniela Martínez,,daniela.martinez,daniela759,False,False,False,False
HUNT-0702,,,Ana Silva,,the.ana,ana695,False,False,False,False
HUNT-0703,,Valentina Torres,Larissa Alves,2026-01-22,,larissa.alves,True,True,False,True
HUNT-0704,,,Gabriel Santos,,the.gabriel,gabriel618,False,False,False,False
HUNT-0705,,,Lautaro Díaz,,lautaro255,lautaro679,False,False,False,False
HUNT-0706,,,Fernanda González,,fernanda481,,False,False,False,False
HUNT-0707,juliaferreira7739,Bruno Alves,Julia Ferreira,2026-01-09,,julia.ferreira,True,True,True,False
HUNT-0708,,,Julia Lima,,the.julia,,False,False,False,False
HUNT-0709,,,Jorge García,,,jorge752,False,False,False,False
HUNT-0710,,,Sebastián Rojas,,sebastian_rojas,sebastian166,False,False,False,False
HUNT-0711,,,Agustina Pérez,,agustina802,,False,False,False,False
HUNT-0712,,Ana González,Beatriz Ribeiro,2026-03-13,the.beatriz,beatriz.ribeiro,True,True,False,True
HUNT-0713,,,Sebastián Flores,,sebastian_flores,sebastian.flores,False,False,False,False
HUNT-0714,,,Lucas Silva,,lucas_silva,,False,False,False,False
HUNT-0715,,,Paola Flores,,paola.flores,the.paola,False,False,False,False
HUNT-0716,,,Larissa Ribeiro,,,larissa_ribeiro,False,False,False,False
HUNT-0717,,,Valentina González,,valentina.gonzalez,,False,False,False,False
HUNT-0718,,,Lucía Rodríguez,,lucia_rodriguez,lucia893,False,False,False,False
HUNT-0719,,Carlos Mendez,Mateo Martínez,2026-02-26,the.mateo,mateo.martinez,True,True,False,True
HUNT-0720,,,Matheus Rodrigues,,the.matheus,matheus_rodrigues,False,False,False,False
HUNT-0721,,Valentina Torres,Constanza Álvarez,2026-03-06,constanza_alvarez,constanza950,True,True,False,True
HUNT-0722,,Ana González,Andrés Sánchez,2026-02-28,andres707,,True,True,False,True
HUNT-0723,,Carlos Mendez,Guilherme Alves,2026-02-14,guilherme_alves,,True,True,False,False
HUNT-0724,,,Tomás Fernández,,tomas.fernandez,tomas_fernandez,False,False,False,False
HUNT-0725,,,Bastián González,,the.bastian,the.bastian,False,False,False,False
HUNT-0726,,,Javier Morales,,javier_morales,,False,False,False,False
HUNT-0727,,,Larissa Oliveira,,the.larissa,larissa.oliveira,False,False,False,False
HUNT-0728,,Sofía Ramírez,Gabriel Santos,2026-02-10,gabriel_santos,,True,True,False,False
HUNT-0729,,,Constanza Flores,,the.constanza,,False,False,False,False
HUNT-0730,,,Javiera Muñoz,,the.javiera,the.javiera,False,False,False,False
HUNT-0731,,Bruno Alves,Beatriz Lima,2026-01-14,,beatriz931,True,True,False,True
HUNT-0732,,,Rodrigo Flores,,rodrigo_flores,rodrigo_flores,False,False,False,False
HUNT-0733,,Carlos Mendez,Larissa Oliveira,2026-03-18,,larissa_oliveira,True,True,False,True
HUNT-0734,,,Valentina González,,valentina.gonzalez,,False,False,False,False
HUNT-0735,,,Isidora Contreras,,isidora633,isidora525,False,False,False,False
HUNT-0736,,Carlos Mendez,Mariana González,2026-01-21,mariana.gonzalez,mariana_gonzalez,True,True,False,True
HUNT-0737,,Bruno Alves,João Alves,2026-03-05,the.joão,,True,True,False,True
HUNT-0738,,,Rodrigo López,,the.rodrigo,,False,False,False,False
HUNT-0739,,,Diego González,,diego_gonzalez,diego_gonzalez,False,False,False,False
HUNT-0740,,Sofía Ramírez,Isidora Silva,2026-02-19,,isidora_silva,True,False,False,False
HUNT-0741,,,Lucía Sánchez,,lucia.sanchez,the.lucia,False,False,False,False
HUNT-0742,,,Catalina Muñoz,,catalina.munoz,,False,False,False,False
HUNT-0743,,,Sebastián Silva,,sebastian_silva,,False,False,False,False
HUNT-0744,,,Facundo González,,facundo.gonzalez,facundo_gonzalez,False,False,False,False
HUNT-0745,,,Constanza Martínez,,constanza.martinez,,False,False,False,False
HUNT-0746,,,Daniela García,,daniela_garcia,daniela114,False,False,False,False
HUNT-0747,,,Lucas Souza,,lucas_souza,the.lucas,False,False,False,False
HUNT-0748,,,Miguel Morales,,the.miguel,miguel_morales,False,False,False,False
HUNT-0749,,,Matheus Gomes,,matheus.gomes,,False,False,False,False
HUNT-0750,felipemartinez8902,Sofía Ramírez,Felipe Martínez,2026-02-17,felipe_martinez,,True,True,True,False
HUNT-0751,,,Karla Martínez,,karla.martinez,karla_martinez,False,False,False,False
HUNT-0752,,,Tomás Fernández,,tomas_fernandez,tomas452,False,False,False,False
HUNT-0753,karlamorales1169,Bruno Alves,Karla Morales,2026-02-07,karla_morales,,True,True,True,False
HUNT-0754,,,Paola García,,,paola.garcia,False,False,False,False
HUNT-0755,,,Felipe González,,felipe_gonzalez,,False,False,False,False
HUNT-0756,,,Lucía Díaz,,lucia.diaz,lucia_diaz,False,False,False,False
HUNT-0757,,,Diego Silva,,diego854,diego_silva,False,False,False,False
HUNT-0758,,,Andrés Flores,,andres.flores,andres292,False,False,False,False
HUNT-0759,,,Emma Martínez,,emma_martinez,emma.martinez,False,False,False,False
HUNT-0760,,Bruno Alves,Lucía Díaz,2026-01-09,lucia.diaz,lucia_diaz,True,True,False,False
HUNT-0761,,Sofía Ramírez,Karla Morales,2026-01-15,,the.karla,True,True,False,False
HUNT-0762,,,Bastián Álvarez,,the.bastian,bastian.alvarez,False,False,False,False
HUNT-0763,,,Valentina González,,valentina.gonzalez,valentina41,False,False,False,False
HUNT-0764,,Bruno Alves,Rodrigo García,2026-03-09,,the.rodrigo,True,True,False,True
HUNT-0765,,,Miguel Sánchez,,miguel.sanchez,miguel_sanchez,False,False,False,False
HUNT-0766,,,Felipe Díaz,,felipe711,felipe.diaz,False,False,False,False
HUNT-0767,,,Ignacio Álvarez,,,ignacio_alvarez,False,False,False,False
HUNT-0768,,,Guilherme Rodrigues,,guilherme_rodrigues,,False,False,False,False
HUNT-0769,,,Martina López,,martina.lopez,,False,False,False,False
HUNT-0770,,Carlos Mendez,Bastián Martínez,2026-01-10,bastian.martinez,,True,False,False,False
HUNT-0771,,Carlos Mendez,Isabela Santos,2026-03-06,isabela.santos,,True,True,False,False
HUNT-0772,,,Karla Sánchez,,karla989,karla_sanchez,False,False,False,False
HUNT-0773,,,Jorge Martínez,,jorge.martinez,jorge516,False,False,False,False
HUNT-0774,,,Felipe Flores,,felipe_flores,felipe_flores,False,False,False,False
HUNT-0775,,,Valentina Morales,,valentina_morales,valentina.morales,False,False,False,False
HUNT-0776,,,Martina González,,the.martina,,False,False,False,False
HUNT-0777,,,Matheus Oliveira,,,the.matheus,False,False,False,False
HUNT-0778,,Valentina Torres,Valentina Ramírez,2025-12-20,valentina893,the.valentina,True,False,False,False
HUNT-0779,,,Paola García,,paola.garcia,paola_garcia,False,False,False,False
HUNT-0780,,Carlos Mendez,Pedro Oliveira,2026-01-07,pedro464,,True,True,False,True
HUNT-0781,,,Sofía González,,sofia102,sofia988,False,False,False,False
HUNT-0782,,,Matías Contreras,,matias.contreras,matias183,False,False,False,False
HUNT-0783,,Sofía Ramírez,Santiago García,2026-01-04,the.santiago,santiago_garcia,True,False,False,False
HUNT-0784,,,Ana Ribeiro,,ana.ribeiro,the.ana,False,False,False,False
HUNT-0785,,,João Ferreira,,joão_ferreira,the.joão,False,False,False,False
HUNT-0786,,,Tomás López,,tomas.lopez,tomas838,False,False,False,False
HUNT-0787,,Sofía Ramírez,Beatriz Pereira,2026-03-03,beatriz882,beatriz_pereira,True,True,False,True
HUNT-0788,,,Emma González,,,emma676,False,False,False,False
HUNT-0789,,,Daniela Hernández,,daniela_hernandez,daniela752,False,False,False,False
HUNT-0790,,,Larissa Souza,,the.larissa,larissa322,False,False,False,False
HUNT-0791,,Bruno Alves,Lucas Ribeiro,2026-01-07,lucas944,lucas450,True,True,False,True
HUNT-0792,,Sofía Ramírez,Ignacio Flores,2026-01-15,the.ignacio,ignacio_flores,True,True,False,True
HUNT-0793,,Sofía Ramírez,Javiera Álvarez,2026-02-09,javiera.alvarez,javiera.alvarez,True,False,False,False
HUNT-0794,,,Nicolás Pérez,,nicolas_perez,nicolas518,False,False,False,False
HUNT-0795,,,Larissa Souza,,larissa143,larissa_souza,False,False,False,False
HUNT-0796,,,Isabela Lima,,isabela.lima,isabela.lima,False,False,False,False
HUNT-0797,,,Miguel Martínez,,miguel320,miguel.martinez,False,False,False,False
HUNT-0798,,,Sofía Rodríguez,,sofia.rodriguez,sofia715,False,False,False,False
HUNT-0799,,,Isidora Martínez,,isidora458,isidora_martinez,False,False,False,False
HUNT-0800,,,Constanza González,,constanza84,constanza_gonzalez,False,False,False,False
HUNT-0801,,,Matías Soto,,matias809,the.matias,False,False,False,False
HUNT-0802,,Bruno Alves,Valentina Flores,2026-01-19,valentina629,the.valentina,True,False,False,False
HUNT-0803,,,Facundo Rodríguez,,,facundo_rodriguez,False,False,False,False
HUNT-0804,,,Jorge González,,the.jorge,jorge70,False,False,False,False
HUNT-0805,,Valentina Torres,Mariana García,2026-01-15,mariana127,mariana_garcia,True,True,False,False
HUNT-0806,,,Mateo Rodríguez,,the.mateo,,False,False,False,False
HUNT-0807,,,Ana Oliveira,,ana.oliveira,,False,False,False,False
HUNT-0808,,,Rafael Rodrigues,,rafael.rodrigues,the.rafael,False,False,False,False
HUNT-0809,,,Sofía Pérez,,,sofia_perez,False,False,False,False
HUNT-0810,,Bruno Alves,Gabriel Pereira,2026-02-11,gabriel.pereira,,True,True,False,True
HUNT-0811,,,Valentina Hernández,,valentina_hernandez,,False,False,False,False
HUNT-0812,,Carlos Mendez,Valentina Sánchez,2026-02-19,valentina.sanchez,the.valentina,True,True,False,False
HUNT-0813,,Sofía Ramírez,Larissa Gomes,2026-03-13,larissa878,the.larissa,True,True,False,True
HUNT-0814,,,Paola Hernández,,,paola252,False,False,False,False
HUNT-0815,,,Sebastián Silva,,sebastian.silva,sebastian738,False,False,False,False
HUNT-0816,,,Ana Ribeiro,,the.ana,ana_ribeiro,False,False,False,False
HUNT-0817,,,Javier López,,javier.lopez,the.javier,False,False,False,False
HUNT-0818,,,Tomás Rodríguez,,tomas_rodriguez,tomas952,False,False,False,False
HUNT-0819,,,Lucas Ribeiro,,lucas527,,False,False,False,False
HUNT-0820,,Valentina Torres,Rafael Silva,2026-02-24,rafael_silva,rafael.silva,True,False,False,False
HUNT-0821,,Carlos Mendez,Jorge Ramírez,2026-01-30,the.jorge,jorge.ramirez,True,True,False,True
HUNT-0822,,Sofía Ramírez,Fernanda Ferreira,2026-02-25,fernanda590,fernanda.ferreira,True,True,False,True
HUNT-0823,,Sofía Ramírez,Paola Sánchez,2026-01-25,paola_sanchez,paola_sanchez,True,False,False,False
HUNT-0824,,,Jorge Flores,,jorge759,jorge_flores,False,False,False,False
HUNT-0825,,Sofía Ramírez,Santiago Rodríguez,2026-01-25,the.santiago,the.santiago,True,False,False,False
HUNT-0826,,,Miguel Sánchez,,the.miguel,miguel_sanchez,False,False,False,False
HUNT-0827,,Ana González,Valentina Flores,2026-01-21,,valentina.flores,True,True,False,False
HUNT-0828,,Valentina Torres,Paola Morales,2026-01-12,,the.paola,True,True,False,True
HUNT-0829,,Ana González,Fernanda López,2026-03-13,fernanda_lopez,,True,True,False,True
HUNT-0830,,,Tomás Sánchez,,the.tomas,tomas_sanchez,False,False,False,False
HUNT-0831,,,Pedro Ribeiro,,pedro_ribeiro,pedro.ribeiro,False,False,False,False
HUNT-0832,,Carlos Mendez,Isabela Rodrigues,2026-01-01,the.isabela,isabela.rodrigues,True,False,False,False
HUNT-0833,fernandahernandez243,Carlos Mendez,Fernanda Hernández,2026-01-17,fernanda_hernandez,fernanda10,True,True,True,False
HUNT-0834,,,Rodrigo Sánchez,,rodrigo.sanchez,rodrigo_sanchez,False,False,False,False
HUNT-0835,,,Valentina Sánchez,,valentina_sanchez,,False,False,False,False
HUNT-0836,,,João Ferreira,,joão_ferreira,joão.ferreira,False,False,False,False
HUNT-0837,,,Catalina Álvarez,,catalina_alvarez,catalina.alvarez,False,False,False,False
HUNT-0838,,Sofía Ramírez,Isabela Gomes,2026-02-14,isabela.gomes,isabela.gomes,True,True,False,True
HUNT-0839,,Ana González,Facundo García,2026-03-16,facundo548,,True,True,False,False
HUNT-0840,,,Matías Martínez,,matias_martinez,matias.martinez,False,False,False,False
HUNT-0841,,,Martina Rodríguez,,martina425,martina.rodriguez,False,False,False,False
HUNT-0842,,Sofía Ramírez,Diego Martínez,2026-01-01,diego_martinez,diego_martinez,True,False,False,False
HUNT-0843,,,Rodrigo López,,rodrigo651,rodrigo_lopez,False,False,False,False
HUNT-0844,,Bruno Alves,Beatriz Pereira,2026-03-13,the.beatriz,beatriz_pereira,True,True,False,True
HUNT-0845,,Bruno Alves,Julián Romero,2026-01-01,the.julian,julian.romero,True,False,False,False
HUNT-0846,,,Diego Torres,,diego336,diego.torres,False,False,False,False
HUNT-0847,,Ana González,Beatriz Ribeiro,2026-03-06,,beatriz_ribeiro,True,True,False,False
HUNT-0848,,,Julián Díaz,,the.julian,the.julian,False,False,False,False
HUNT-0849,,,Lucas Santos,,the.lucas,lucas.santos,False,False,False,False
HUNT-0850,,,Emma Pérez,,emma69,,False,False,False,False
HUNT-0851,,Valentina Torres,Fernanda Torres,2026-02-16,fernanda_torres,fernanda417,True,True,False,True
HUNT-0852,,Carlos Mendez,Emma García,2026-03-12,emma597,,True,True,False,True
HUNT-0853,,,Isidora Álvarez,,isidora924,isidora788,False,False,False,False
HUNT-0854,,,Karla López,,karla_lopez,,False,False,False,False
HUNT-0855,,,Julia Gomes,,the.julia,,False,False,False,False
HUNT-0856,,,Guilherme Alves,,guilherme.alves,,False,False,False,False
HUNT-0857,,,Bastián Pérez,,,the.bastian,False,False,False,False
HUNT-0858,,,Catalina Soto,,catalina.soto,,False,False,False,False
HUNT-0859,,Valentina Torres,Fernanda Gomes,2025-12-30,fernanda290,,True,False,False,False
HUNT-0860,,,Julián Díaz,,julian_diaz,julian.diaz,False,False,False,False
HUNT-0861,,,Felipe Díaz,,the.felipe,the.felipe,False,False,False,False
HUNT-0862,,Carlos Mendez,Emma Rodríguez,2026-02-07,emma.rodriguez,,True,True,False,True
HUNT-0863,,Carlos Mendez,Valentina Sánchez,2026-01-17,the.valentina,valentina.sanchez,True,False,False,False
HUNT-0864,,Sofía Ramírez,Larissa Oliveira,2026-01-13,larissa_oliveira,larissa.oliveira,True,True,False,True
HUNT-0865,,Ana González,Constanza González,2026-02-27,,the.constanza,True,True,False,True
HUNT-0866,,,Pedro Ribeiro,,pedro926,pedro344,False,False,False,False
HUNT-0867,,Bruno Alves,Lucas Santos,2026-03-14,lucas_santos,,True,False,False,False
HUNT-0868,,,Andrés Martínez,,andres.martinez,andres.martinez,False,False,False,False
HUNT-0869,,,Gabriel Santos,,gabriel268,the.gabriel,False,False,False,False
HUNT-0870,,,Diego Pérez,,diego_perez,,False,False,False,False
HUNT-0871,,,Tomás Romero,,the.tomas,,False,False,False,False
HUNT-0872,,,Emma García,,emma.garcia,emma615,False,False,False,False
HUNT-0873,,,Emma Torres,,,the.emma,False,False,False,False
HUNT-0874,,,Lucas Alves,,lucas108,lucas609,False,False,False,False
HUNT-0875,,,Beatriz Silva,,beatriz248,beatriz_silva,False,False,False,False
HUNT-0876,,,Andrés Ramírez,,andres.ramirez,,False,False,False,False
HUNT-0877,,Sofía Ramírez,Fernanda Ferreira,2026-02-25,fernanda.ferreira,fernanda607,True,False,False,False
HUNT-0878,,Valentina Torres,Andrés Torres,2026-02-14,the.andres,andres867,True,True,False,True
HUNT-0879,,,Emma Fernández,,emma.fernandez,emma.fernandez,False,False,False,False
HUNT-0880,,,Bastián Contreras,,the.bastian,bastian.contreras,False,False,False,False
HUNT-0881,,,Matías Soto,,matias597,matias_soto,False,False,False,False
HUNT-0882,,,Lautaro López,,lautaro.lopez,,False,False,False,False
HUNT-0883,,Bruno Alves,Beatriz Alves,2026-02-03,beatriz_alves,the.beatriz,True,False,False,False
HUNT-0884,,,Lucas Silva,,lucas.silva,the.lucas,False,False,False,False
HUNT-0885,,Sofía Ramírez,Isabela Gomes,2026-03-09,the.isabela,isabela_gomes,True,True,False,False
HUNT-0886,,,Julián Rodríguez,,,julian285,False,False,False,False
HUNT-0887,,Ana González,Lautaro Díaz,2026-02-12,the.lautaro,the.lautaro,True,True,False,False
HUNT-0888,,,Matheus Alves,,matheus_alves,matheus_alves,False,False,False,False
HUNT-0889,,,Martina Romero,,martina_romero,martina479,False,False,False,False
HUNT-0890,,,Andrés González,,andres.gonzalez,,False,False,False,False
HUNT-0891,,,Pedro Ribeiro,,,pedro_ribeiro,False,False,False,False
HUNT-0892,,,Guilherme Oliveira,,the.guilherme,the.guilherme,False,False,False,False
HUNT-0893,,,Mateo Romero,,,mateo383,False,False,False,False
HUNT-0894,,Carlos Mendez,Julián Martínez,2026-01-31,julian_martinez,julian.martinez,True,True,False,True
HUNT-0895,,,Ignacio Rojas,,ignacio.rojas,ignacio.rojas,False,False,False,False
HUNT-0896,,Carlos Mendez,Lucía Fernández,2025-12-27,lucia911,,True,True,False,False
HUNT-0897,,,Valentina Romero,,the.valentina,valentina_romero,False,False,False,False
HUNT-0898,,,Catalina Muñoz,,catalina766,,False,False,False,False
HUNT-0899,,,Jorge Pérez,,jorge_perez,jorge218,False,False,False,False
HUNT-0900,,Bruno Alves,Valentina González,2026-02-15,,the.valentina,True,False,False,False
HUNT-0901,,,Matheus Ferreira,,the.matheus,matheus.ferreira,False,False,False,False
HUNT-0902,,,Rafael Ferreira,,,the.rafael,False,False,False,False
HUNT-0903,,,Santiago Fernández,,santiago.fernandez,the.santiago,False,False,False,False
HUNT-0904,,,Lucía Martínez,,the.lucia,lucia_martinez,False,False,False,False
HUNT-0905,,,Nicolás Sánchez,,nicolas.sanchez,nicolas.sanchez,False,False,False,False
HUNT-0906,,,Guilherme Santos,,guilherme276,guilherme.santos,False,False,False,False
HUNT-0907,,Sofía Ramírez,Karla Hernández,2026-01-09,karla147,,True,False,False,False
HUNT-0908,,Valentina Torres,Paola Martínez,2026-01-26,paola.martinez,,True,False,False,False
HUNT-0909,isabelasilva4959,Ana González,Isabela Silva,2026-02-05,isabela.silva,isabela75,True,True,True,False
HUNT-0910,,,Camila Martínez,,camila.martinez,,False,False,False,False
HUNT-0911,,Sofía Ramírez,Nicolás Díaz,2026-03-09,the.nicolas,nicolas.diaz,True,True,False,True
HUNT-0912,,,Javier González,,javier.gonzalez,javier96,False,False,False,False
HUNT-0913,,Ana González,Gabriel Ferreira,2026-01-21,gabriel246,gabriel.ferreira,True,True,False,True
HUNT-0914,,Valentina Torres,Lautaro Torres,2026-03-09,lautaro820,the.lautaro,True,False,False,False
HUNT-0915,,,Mariana Hernández,,mariana.hernandez,mariana550,False,False,False,False
HUNT-0916,,,Diego González,,diego_gonzalez,the.diego,False,False,False,False
HUNT-0917,,,Isidora Soto,,isidora.soto,the.isidora,False,False,False,False
HUNT-0918,,Ana González,Diego Contreras,2026-01-28,diego.contreras,,True,False,False,False
HUNT-0919,,Carlos Mendez,Ana Ribeiro,2026-02-01,ana_ribeiro,,True,True,False,True
HUNT-0920,,Carlos Mendez,Isabela Rodrigues,2025-12-31,the.isabela,the.isabela,True,True,False,False
HUNT-0921,,Bruno Alves,Mateo Díaz,2026-02-16,the.mateo,mateo_diaz,True,True,False,False
HUNT-0922,,,Valentina Torres,,valentina649,,False,False,False,False
HUNT-0923,,,Guilherme Alves,,guilherme.alves,the.guilherme,False,False,False,False
HUNT-0924,,,Jorge Flores,,jorge262,jorge_flores,False,False,False,False
HUNT-0925,,,Martina Fernández,,martina14,martina_fernandez,False,False,False,False
HUNT-0926,,,Martina González,,martina.gonzalez,martina.gonzalez,False,False,False,False
HUNT-0927,,,Sofía Díaz,,the.sofia,sofia_diaz,False,False,False,False
HUNT-0928,,Valentina Torres,Julia Pereira,2026-01-27,julia170,the.julia,True,True,False,True
HUNT-0929,,Carlos Mendez,Paola Sánchez,2026-01-18,paola.sanchez,paola.sanchez,True,True,False,False
HUNT-0930,,,Rafael Oliveira,,rafael627,rafael734,False,False,False,False
HUNT-0931,,Sofía Ramírez,Javier Hernández,2026-02-08,the.javier,,True,True,False,False
HUNT-0932,,,Guilherme Alves,,guilherme.alves,,False,False,False,False
HUNT-0933,,Sofía Ramírez,Lucía Rodríguez,2026-02-14,lucia762,,True,True,False,True
HUNT-0934,,,Nicolás González,,nicolas.gonzalez,nicolas.gonzalez,False,False,False,False
HUNT-0935,,,Javier Hernández,,javier_hernandez,,False,False,False,False
HUNT-0936,,,Lucas Pereira,,lucas_pereira,the.lucas,False,False,False,False
HUNT-0937,,,Julia Silva,,julia_silva,,False,False,False,False
HUNT-0938,,,Emma Pérez,,the.emma,emma.perez,False,False,False,False
HUNT-0939,,,Tomás Torres,,,tomas156,False,False,False,False
HUNT-0940,,Bruno Alves,Pedro Santos,2026-01-03,the.pedro,pedro_santos,True,True,False,True
HUNT-0941,,,Javier Torres,,the.javier,,False,False,False,False
HUNT-0942,,,Isabela Alves,,isabela.alves,,False,False,False,False
HUNT-0943,,Ana González,Rodrigo Torres,2026-01-01,rodrigo.torres,,True,True,False,False
HUNT-0944,sebastiansoto5653,Sofía Ramírez,Sebastián Soto,2026-01-12,sebastian_soto,sebastian_soto,True,True,True,False
HUNT-0945,,,Pedro Souza,,the.pedro,,False,False,False,False
HUNT-0946,,,Mateo López,,mateo.lopez,,False,False,False,False
HUNT-0947,,,Valentina Torres,,valentina239,valentina.torres,False,False,False,False
HUNT-0948,,,Isabela Souza,,isabela85,the.isabela,False,False,False,False
HUNT-0949,,Sofía Ramírez,Sebastián Álvarez,2026-02-25,sebastian661,sebastian182,True,True,False,True
HUNT-0950,,Sofía Ramírez,Tomás Martínez,2025-12-30,,tomas_martinez,True,True,False,False
HUNT-0951,,,Daniela Sánchez,,daniela14,daniela.sanchez,False,False,False,False
HUNT-0952,,,Diego Martínez,,diego761,,False,False,False,False
HUNT-0953,,,Javier Pérez,,javier_perez,,False,False,False,False
HUNT-0954,,Ana González,Isabela Santos,2026-03-14,isabela.santos,isabela.santos,True,True,False,True
HUNT-0955,,,Constanza Muñoz,,constanza152,,False,False,False,False
HUNT-0956,,,Pedro Lima,,pedro.lima,,False,False,False,False
HUNT-0957,,Bruno Alves,Ana Santos,2026-02-13,ana36,ana.santos,True,True,False,True
HUNT-0958,,Bruno Alves,Sofía Rodríguez,2026-02-11,the.sofia,sofia_rodriguez,True,True,False,False
HUNT-0959,,Sofía Ramírez,Ana Alves,2026-01-15,ana.alves,ana931,True,False,False,False
HUNT-0960,,Bruno Alves,Bastián Flores,2026-02-07,the.bastian,,True,True,False,False
HUNT-0961,,,Paola Ramírez,,the.paola,,False,False,False,False
HUNT-0962,pedrolima4810,Ana González,Pedro Lima,2026-01-07,pedro.lima,,True,True,True,False
HUNT-0963,,Sofía Ramírez,Guilherme Lima,2026-02-24,guilherme357,guilherme.lima,True,True,False,True
HUNT-0964,,,Diego López,,,diego154,False,False,False,False
HUNT-0965,,,Lucía Pérez,,lucia_perez,lucia_perez,False,False,False,False
HUNT-0966,,Valentina Torres,Fernanda Lima,2026-03-04,the.fernanda,fernanda_lima,True,True,False,False
HUNT-0967,,,Javiera Martínez,,javiera_martinez,javiera.martinez,False,False,False,False
HUNT-0968,,Carlos Mendez,Tomás Martínez,2026-03-03,,the.tomas,True,True,False,True
HUNT-0969,,Carlos Mendez,Tomás Fernández,2026-01-14,,the.tomas,True,False,False,False
HUNT-0970,,,Karla Hernández,,karla176,karla_hernandez,False,False,False,False
HUNT-0971,guilhermerodrigues1750,Ana González,Guilherme Rodrigues,2026-02-10,guilherme.rodrigues,,True,True,True,False
HUNT-0972,,,Beatriz Lima,,beatriz.lima,,False,False,False,False
HUNT-0973,,,Felipe Silva,,felipe.silva,,False,False,False,False
HUNT-0974,matheusribeiro3187,Valentina Torres,Matheus Ribeiro,2026-01-29,matheus.ribeiro,,True,True,True,False
HUNT-0975,,Valentina Torres,Matías Muñoz,2026-03-12,the.matias,matias715,True,True,False,True
HUNT-0976,,,Fernanda Ribeiro,,the.fernanda,fernanda303,False,False,False,False
HUNT-0977,,,Diego Martínez,,diego_martinez,,False,False,False,False
HUNT-0978,,,Valentina Pérez,,valentina_perez,,False,False,False,False
HUNT-0979,,,Diego Muñoz,,,diego_munoz,False,False,False,False
HUNT-0980,,,Diego López,,diego_lopez,,False,False,False,False
HUNT-0981,,,Daniela Ramírez,,daniela_ramirez,daniela46,False,False,False,False
HUNT-0982,,,Isidora Díaz,,isidora.diaz,isidora.diaz,False,False,False,False
HUNT-0983,,Ana González,Javier Pérez,2026-01-06,javier_perez,javier202,True,True,False,True
HUNT-0984,,,Sofía Díaz,,sofia_diaz,,False,False,False,False
HUNT-0985,,,Andrés García,,andres.garcia,the.andres,False,False,False,False
HUNT-0986,,,Rafael Rodrigues,,rafael_rodrigues,,False,False,False,False
HUNT-0987,,,Guilherme Rodrigues,,the.guilherme,the.guilherme,False,False,False,False
HUNT-0988,,,Camila Martínez,,camila_martinez,camila.martinez,False,False,False,False
HUNT-0989,,,Ignacio Soto,,ignacio_soto,,False,False,False,False
HUNT-0990,,Sofía Ramírez,Nicolás Rodríguez,2026-02-22,nicolas692,nicolas572,True,True,False,False
HUNT-0991,,,Fernanda Morales,,fernanda_morales,fernanda150,False,False,False,False
HUNT-0992,,,Lucas Gomes,,lucas_gomes,lucas667,False,False,False,False
HUNT-0993,,Ana González,Beatriz Pereira,2026-01-15,beatriz.pereira,beatriz_pereira,True,True,False,True
HUNT-0994,,,Agustina Pérez,,agustina.perez,agustina.perez,False,False,False,False
HUNT-0995,,,Jorge Hernández,,,jorge47,False,False,False,False
HUNT-0996,,,Valentina González,,valentina.gonzalez,,False,False,False,False
HUNT-0997,,,Daniela Hernández,,daniela722,daniela582,False,False,False,False
HUNT-0998,,Sofía Ramírez,Miguel Ramírez,2026-01-30,miguel.ramirez,,True,False,False,False
HUNT-0999,,,Facundo Romero,,the.facundo,facundo_romero,False,False,False,False
HUNT-1000,,Sofía Ramírez,Andrés Flores,2026-02-03,andres.flores,andres.flores,True,True,False,False
